item_id,order_id,product_id,quantity,unit_price,discount
1,171,6,3,1725.4,0.09
3,61,80,1,1909.73,0.37
6,153,70,3,116.9,0.37
9,390,73,2,1311.9,0.2
10,762,53,2,1141.11,0.22
12,146,3,8,1596.68,0.19
13,97,29,2,1304.83,0.24
22,24,75,7,1137.6,0.3
23,690,69,8,1481.33,0.25
24,561,55,4,86.06,0.01
25,100,32,2,1049.17,0.03
27,385,74,10,1781.69,0.11
28,660,3,9,1820.95,0.28
31,719,43,1,1876.84,0.25
34,384,2,6,452.65,0.33
36,512,27,3,522.65,0.14
37,104,17,3,791.51,0.39
38,410,20,2,1913.0,0.25
39,639,38,3,1158.47,0.26
42,708,36,2,1534.0,0.04
43,3,55,10,1578.97,0.2
45,768,36,4,985.93,0.05
46,509,19,9,773.18,0.39
48,509,13,9,832.81,0.31
50,644,16,6,450.8,0.21
51,536,1,1,1522.1,0.29
54,361,60,1,343.58,0.1
55,125,51,7,985.93,0.31
57,754,15,3,779.85,0.0
60,488,47,7,1398.08,0.16
62,126,41,6,1490.2,0.37
63,138,30,8,1015.85,0.14
67,723,59,3,1127.43,0.13
68,529,39,7,505.09,0.0
69,212,44,7,954.4,0.28
70,54,53,5,1036.44,0.37
72,264,2,6,825.93,0.02
74,724,23,8,211.06,0.3
75,110,55,3,1235.49,0.22
77,273,24,2,125.8,0.22
79,287,49,1,324.02,0.11
80,760,51,1,316.77,0.14
81,231,17,8,364.46,0.34
82,791,73,7,1438.46,0.18
85,381,39,1,562.59,0.22
86,178,1,2,86.27,0.32
87,232,44,1,455.94,0.16
89,661,30,5,1506.55,0.04
92,78,30,7,260.58,0.17
94,546,35,1,386.15,0.28
95,738,18,5,479.34,0.34
96,130,48,3,310.88,0.04
97,113,76,1,608.51,0.22
98,241,22,7,711.81,0.14
100,728,62,1,1480.61,0.11
102,680,52,5,897.21,0.22
103,167,32,10,1148.93,0.24
104,138,53,6,1656.92,0.0
105,735,30,2,1151.97,0.1
107,767,54,1,1741.27,0.16
108,178,26,7,1319.77,0.0
110,471,23,7,1049.1,0.19
111,300,24,5,985.93,0.32
112,507,80,5,1396.18,0.02
113,173,29,6,1593.28,0.2
114,792,69,3,838.95,0.23
115,13,1,6,1253.51,0.13
116,618,3,4,956.53,0.03
117,228,59,5,555.24,0.18
120,316,43,1,773.19,0.12
121,254,57,9,495.07,0.01
122,124,71,3,985.93,0.36
123,521,65,6,1354.12,0.32
125,653,39,2,1390.47,0.02
127,595,75,10,164.78,0.4
129,162,4,9,1375.49,0.27
131,3,48,3,1917.39,0.0
133,661,68,1,210.4,0.26
138,571,5,4,1251.68,0.18
141,470,47,5,1141.9,0.0
142,773,38,5,88.85,0.14
143,377,36,7,1655.0,0.11
144,511,32,7,825.17,0.4
146,263,24,3,1922.69,0.23
147,418,23,10,1970.61,0.36
148,562,32,8,1731.0,0.16
149,309,16,1,1048.9,0.35
150,783,77,7,24.64,0.0
152,508,42,9,942.8,0.01
154,105,80,10,804.35,0.0
156,342,62,5,1699.9,0.0
157,75,25,7,198.38,0.02
158,430,12,3,1932.17,0.06
159,496,25,5,1464.87,0.32
161,79,78,1,1955.03,0.28
162,552,76,7,389.21,0.1
165,729,70,9,985.93,0.08
167,290,56,4,1446.14,0.14
168,22,65,7,977.33,0.2
169,733,16,9,1679.0,0.33
172,304,62,1,1727.77,0.27
173,400,10,4,1155.28,0.17
177,147,47,6,320.37,0.08
179,330,33,10,1903.88,0.02
181,408,52,1,303.07,0.2
182,431,18,8,25.92,0.18
184,56,45,6,262.25,0.1
185,271,47,6,1390.32,0.4
188,490,61,5,492.5,0.0
189,195,19,8,429.34,0.27
191,243,80,9,1735.6,0.26
192,67,55,3,1034.95,0.12
194,624,80,4,253.01,0.0
198,777,47,1,279.75,0.23
199,196,66,7,1766.66,0.32
200,601,27,10,1399.47,0.23
201,264,77,1,1180.61,0.25
204,716,21,10,1944.48,0.28
205,733,60,2,1695.25,0.31
207,411,40,10,1075.28,0.35
209,588,19,3,19.78,0.17
210,682,67,6,985.93,0.14
211,458,44,9,1712.39,0.12
213,437,3,6,1642.06,0.35
214,275,20,7,126.22,0.02
215,796,36,10,29.17,0.31
216,590,63,3,1112.7,0.04
217,363,49,9,1947.5,0.01
219,363,68,6,1043.57,0.24
220,451,59,8,728.34,0.15
221,704,67,9,1046.35,0.29
222,284,14,4,340.79,0.36
223,471,54,9,423.52,0.34
224,658,12,9,1847.03,0.32
225,349,73,10,1672.77,0.37
230,421,27,1,1372.07,0.16
231,618,4,2,1096.63,0.32
233,466,76,3,1181.01,0.06
234,448,39,1,489.01,0.13
235,231,25,1,1601.73,0.18
236,338,44,6,882.76,0.36
237,529,36,1,625.8,0.39
238,668,14,6,1702.41,0.08
242,511,47,10,1820.47,0.27
243,39,18,9,739.74,0.28
244,755,48,5,1077.4,0.23
245,483,33,6,1487.31,0.23
247,294,13,5,1336.95,0.15
248,295,4,3,1074.35,0.12
250,615,49,2,7.98,0.4
251,132,18,5,1229.37,0.22
253,252,45,7,1816.39,0.17
254,770,17,10,1565.68,0.14
255,188,63,5,1624.73,0.12
256,184,43,4,1664.33,0.31
258,595,26,5,1394.88,0.24
259,297,2,8,993.62,0.0
261,16,63,8,199.15,0.25
264,142,22,5,1577.58,0.01
265,20,13,1,415.58,0.3
266,602,17,6,758.67,0.26
267,263,69,2,388.92,0.26
270,641,32,6,358.81,0.19
273,784,51,4,679.44,0.22
274,348,32,7,990.24,0.24
276,423,13,5,1133.19,0.24
277,363,29,2,790.33,0.31
278,134,49,1,985.93,0.11
280,148,75,7,1685.68,0.12
281,600,76,4,793.85,0.23
282,393,38,7,905.74,0.0
283,399,14,10,59.94,0.16
284,232,30,8,1835.7,0.17
285,577,70,1,1910.25,0.35
286,11,37,2,1544.46,0.02
287,428,54,9,1998.51,0.3
289,688,13,10,203.88,0.37
292,623,28,9,740.16,0.0
293,653,64,7,248.62,0.23
294,244,11,1,824.87,0.27
295,331,23,5,1787.38,0.0
297,644,44,7,420.37,0.15
300,6,1,7,821.31,0.24
301,484,53,2,247.82,0.35
302,14,69,3,985.93,0.14
303,275,58,6,1780.36,0.04
307,466,37,1,77.64,0.03
308,573,4,9,1172.44,0.05
310,285,24,7,1207.47,0.17
311,16,49,6,843.66,0.1
312,425,12,1,142.88,0.24
315,351,32,1,658.62,0.14
316,388,2,8,127.56,0.4
317,228,11,3,1053.09,0.09
318,633,77,8,594.5,0.06
319,123,46,7,767.99,0.08
320,221,16,9,95.09,0.21
322,350,56,6,756.26,0.29
323,745,58,3,457.67,0.11
325,776,46,2,1840.39,0.27
327,160,17,7,959.53,0.22
328,139,20,9,714.69,0.06
330,771,69,4,1407.56,0.03
331,214,17,9,1428.64,0.04
332,350,27,2,201.23,0.11
333,442,57,6,131.91,0.06
336,147,7,8,1752.25,0.28
337,221,33,3,150.53,0.23
338,300,64,1,577.31,0.14
340,456,20,1,636.73,0.29
341,688,18,9,855.55,0.0
342,738,67,3,778.46,0.1
344,622,37,10,270.5,0.22
346,113,61,1,1084.08,0.02
348,106,36,5,918.87,0.14
349,391,37,8,1100.09,0.01
350,621,68,4,970.05,0.04
351,116,11,7,879.89,0.0
353,253,47,10,1313.99,0.31
354,718,62,6,1081.15,0.11
356,654,48,3,643.27,0.35
358,496,61,2,246.14,0.3
360,695,7,8,1970.98,0.04
361,647,61,10,871.83,0.31
362,241,25,1,1231.91,0.15
363,374,26,3,258.73,0.04
365,407,20,1,273.43,0.14
366,570,27,9,1428.89,0.14
368,507,18,6,296.77,0.21
369,511,17,1,1379.97,0.29
371,743,26,7,985.93,0.36
373,46,23,4,675.17,0.0
374,758,30,4,1268.55,0.17
376,469,1,4,151.93,0.33
378,433,78,6,1297.04,0.3
379,408,17,1,821.29,0.09
380,795,21,1,322.04,0.17
381,660,51,6,985.93,0.22
382,598,31,2,275.48,0.14
383,26,71,6,1919.39,0.21
385,546,57,5,1053.54,0.02
389,201,3,3,1809.87,0.26
391,418,64,9,1806.92,0.32
392,390,55,7,711.1,0.35
393,235,46,3,1710.08,0.0
394,679,59,1,1849.0,0.36
398,248,72,3,985.93,0.4
399,24,24,4,690.12,0.35
400,230,63,6,380.24,0.32
401,171,52,5,302.23,0.17
402,508,29,6,700.38,0.14
404,784,54,2,834.39,0.08
407,76,56,5,674.5,0.28
409,316,65,5,1302.17,0.02
410,180,31,8,726.81,0.15
411,767,37,2,1045.07,0.28
414,516,63,3,200.41,0.22
417,628,5,5,1277.71,0.35
419,435,70,4,1661.06,0.27
422,665,62,10,30.2,0.0
424,688,69,3,437.3,0.0
426,242,57,2,1377.76,0.27
427,760,52,8,1090.09,0.38
428,766,37,3,438.74,0.26
429,391,23,4,6.69,0.38
430,105,48,2,985.93,0.4
433,724,77,8,1870.41,0.15
435,411,7,8,1054.01,0.29
436,460,80,3,217.38,0.05
437,567,80,1,868.17,0.2
438,418,26,8,1962.23,0.15
439,624,53,9,146.71,0.23
440,402,68,1,232.09,0.08
441,176,15,4,846.08,0.0
443,241,77,2,310.53,0.34
444,351,14,10,1402.62,0.07
448,747,5,10,1733.16,0.28
450,724,38,3,614.73,0.26
451,740,30,4,373.73,0.09
452,275,22,5,314.83,0.39
453,316,57,2,985.93,0.29
457,356,30,10,985.93,0.33
458,237,40,3,591.64,0.15
459,530,69,5,421.33,0.0
461,23,74,9,1269.04,0.37
463,469,16,1,80.08,0.24
465,658,3,1,1170.56,0.03
467,394,63,3,412.8,0.28
469,271,23,8,985.93,0.21
471,256,67,7,1719.61,0.35
472,789,11,1,1158.32,0.24
473,378,19,8,922.03,0.21
474,766,55,5,426.51,0.24
475,74,20,7,182.11,0.29
476,366,60,7,1780.93,0.16
477,620,63,8,1932.55,0.34
478,142,76,8,1575.49,0.35
479,289,4,8,845.39,0.14
480,213,27,1,1288.48,0.02
481,248,38,9,1966.47,0.32
482,134,53,1,1724.09,0.01
483,316,75,7,160.2,0.24
484,561,14,4,1499.01,0.18
485,96,66,9,976.29,0.0
490,765,22,9,964.3,0.09
493,638,80,5,1413.23,0.27
494,532,15,10,359.74,0.22
495,734,6,9,134.74,0.1
496,106,78,4,1956.26,0.34
499,563,39,8,816.52,0.34
500,760,24,7,1877.83,0.34
503,654,52,10,1139.12,0.15
505,677,60,6,1233.29,0.29
506,343,24,6,1355.4,0.2
507,17,49,3,1583.63,0.33
508,409,78,10,51.47,0.35
512,213,43,5,1714.39,0.21
513,316,10,5,921.9,0.23
517,549,39,8,1813.76,0.26
518,276,36,8,672.77,0.03
519,338,77,10,979.65,0.21
521,326,10,7,985.93,0.04
522,580,27,3,126.75,0.04
523,159,23,9,565.12,0.22
525,6,10,4,880.07,0.1
527,718,18,6,1500.03,0.16
529,665,28,8,910.71,0.35
531,577,73,2,914.89,0.15
534,314,29,8,985.93,0.04
536,680,7,5,927.38,0.34
538,98,51,6,937.85,0.25
541,105,33,8,1269.03,0.04
542,298,16,10,683.39,0.02
544,472,74,1,980.32,0.17
545,113,47,9,1542.45,0.37
546,246,48,9,1190.72,0.02
547,237,45,10,19.57,0.11
548,233,56,4,630.73,0.28
549,23,26,1,1330.07,0.37
551,70,19,9,783.73,0.38
552,271,22,7,169.8,0.04
553,314,51,8,1927.7,0.25
554,294,10,9,1333.14,0.0
555,347,19,9,205.03,0.24
556,287,64,3,335.8,0.38
558,11,54,1,1942.79,0.09
559,68,54,3,88.38,0.22
560,228,6,3,777.31,0.12
561,411,5,1,1220.41,0.01
562,499,2,2,1411.81,0.24
563,407,70,1,927.43,0.07
565,527,2,10,467.65,0.31
567,167,11,2,305.33,0.22
569,59,74,7,14.6,0.04
573,601,39,4,1688.18,0.0
574,609,75,10,1437.65,0.12
575,402,40,6,839.56,0.18
578,468,57,4,1141.16,0.36
580,669,22,4,1370.4,0.31
583,272,33,6,578.1,0.19
585,342,4,7,1103.54,0.26
586,173,16,8,73.19,0.36
587,607,74,8,1133.89,0.31
588,162,40,3,985.93,0.05
590,164,1,6,598.63,0.38
591,276,52,6,1302.22,0.01
594,158,30,1,1484.35,0.21
595,580,56,8,1340.27,0.01
597,166,76,6,1829.4,0.32
598,20,60,5,1393.5,0.04
600,746,58,7,1418.02,0.18
601,312,80,3,1209.18,0.35
606,504,43,1,1758.21,0.25
607,755,35,3,1152.54,0.25
610,661,40,8,502.59,0.3
611,128,52,1,1470.74,0.18
615,470,21,1,985.93,0.03
617,692,39,2,162.0,0.25
620,178,66,5,822.11,0.01
622,622,72,6,1336.95,0.17
623,518,6,2,93.04,0.37
625,521,61,2,985.93,0.27
626,343,52,3,763.49,0.07
627,568,15,5,897.62,0.25
628,800,4,7,1209.3,0.38
632,220,31,8,1590.23,0.01
635,647,59,3,623.16,0.04
638,149,44,7,116.1,0.07
639,463,14,6,1039.72,0.29
640,13,44,1,1420.73,0.32
643,79,39,2,1676.01,0.35
645,128,14,10,254.76,0.13
646,574,71,2,1937.8,0.09
647,576,14,6,1843.65,0.28
648,462,5,10,1490.96,0.32
650,276,7,4,433.52,0.4
651,619,30,4,789.4,0.0
652,395,3,8,704.43,0.38
654,298,67,9,760.25,0.0
655,666,32,1,1843.1,0.18
656,493,41,4,1618.84,0.33
657,721,55,5,1234.09,0.07
658,434,58,9,609.56,0.23
659,492,4,6,491.39,0.0
661,782,55,9,993.14,0.29
662,338,32,8,1319.41,0.16
663,206,16,10,784.08,0.37
664,474,78,2,780.22,0.14
665,403,39,9,1389.45,0.0
666,237,77,3,953.5,0.34
670,587,80,9,1706.13,0.19
671,693,60,7,1712.88,0.38
673,736,29,7,527.29,0.05
674,68,53,1,1674.02,0.06
675,144,69,7,1611.06,0.36
677,786,70,2,153.4,0.31
678,512,62,6,1189.7,0.26
682,150,33,1,151.61,0.19
683,364,51,7,985.93,0.0
684,44,47,9,1400.35,0.23
687,628,56,7,985.93,0.06
690,203,59,2,1961.32,0.31
699,557,56,5,1654.5,0.05
700,677,47,6,1474.22,0.14
701,193,58,4,41.55,0.12
705,619,62,10,257.66,0.04
706,217,67,9,1354.87,0.35
707,525,14,4,1938.46,0.19
708,509,76,10,1700.06,0.38
709,318,36,8,808.97,0.36
710,305,58,2,1380.29,0.01
711,529,43,10,1482.84,0.18
712,775,29,7,1333.66,0.32
713,501,27,2,1613.71,0.34
715,602,78,6,1365.83,0.02
716,323,26,6,1618.68,0.11
717,494,63,10,662.83,0.0
718,153,5,5,151.92,0.17
721,362,32,6,742.59,0.32
722,512,64,5,1846.25,0.09
724,189,24,6,1898.05,0.27
728,239,60,8,1559.91,0.13
729,561,19,3,1387.47,0.21
730,567,7,1,734.52,0.23
731,20,55,8,315.48,0.25
736,148,60,2,1760.83,0.3
737,86,52,1,175.77,0.25
741,382,7,10,949.74,0.27
742,177,80,10,1582.16,0.19
743,614,55,8,1497.59,0.1
744,686,22,5,230.45,0.31
745,193,31,10,1535.86,0.35
749,325,19,2,198.86,0.05
750,548,33,9,1221.33,0.27
751,121,65,8,985.93,0.08
752,673,54,8,1327.08,0.05
753,496,71,3,1936.93,0.34
756,516,67,9,1051.85,0.38
759,541,37,4,846.75,0.32
764,638,66,4,710.51,0.13
767,82,29,10,1083.09,0.35
768,213,56,5,257.92,0.18
769,347,24,7,1963.21,0.29
770,82,1,4,1648.64,0.11
771,249,44,3,1718.26,0.34
772,366,75,3,1553.02,0.09
773,24,40,1,1527.79,0.39
775,432,37,4,1057.65,0.34
776,271,56,3,1424.79,0.25
778,33,63,10,649.45,0.0
779,121,31,2,1734.95,0.15
781,503,22,6,1852.37,0.15
782,507,44,6,1952.64,0.01
785,190,12,8,594.32,0.12
786,784,80,1,1028.22,0.31
788,23,74,2,1646.37,0.36
789,725,4,10,1826.63,0.04
790,609,12,4,1600.83,0.3
791,616,80,8,857.9,0.0
794,605,5,4,388.43,0.16
795,642,52,2,1823.01,0.03
796,782,62,1,228.47,0.29
798,669,59,7,1513.03,0.08
802,50,72,4,600.0,0.34
803,555,68,3,490.59,0.13
804,555,19,6,1486.68,0.14
805,25,28,3,1557.68,0.09
806,651,25,1,69.92,0.28
807,442,62,7,465.62,0.31
809,320,28,2,831.07,0.15
810,623,22,6,686.68,0.28
813,156,64,9,755.93,0.23
814,762,27,9,985.93,0.31
816,772,3,1,1126.14,0.08
817,585,43,2,613.24,0.07
820,420,28,7,560.6,0.29
821,14,60,3,1367.76,0.0
823,555,26,9,1620.31,0.0
824,142,54,8,1901.42,0.19
825,538,60,9,1581.84,0.11
826,78,39,7,1426.57,0.03
827,311,23,8,429.71,0.29
828,247,64,5,1121.34,0.34
829,349,32,3,177.66,0.26
831,370,59,9,271.53,0.04
834,740,39,3,1233.3,0.14
839,572,26,10,1966.97,0.02
840,214,25,4,1985.85,0.05
841,144,29,6,1503.08,0.08
842,55,1,3,1311.69,0.1
843,202,16,9,425.03,0.11
844,13,35,10,1049.91,0.28
846,228,60,5,65.08,0.08
847,543,47,3,1054.72,0.22
849,372,11,3,666.59,0.0
853,762,37,6,400.78,0.19
854,754,60,7,446.79,0.3
856,310,71,1,1496.84,0.08
857,585,26,10,729.32,0.0
862,516,6,1,303.84,0.02
863,656,22,4,719.86,0.21
865,489,52,7,1470.64,0.23
866,773,31,7,1399.01,0.39
867,655,6,2,631.14,0.24
868,103,29,1,985.93,0.01
871,758,76,1,985.93,0.03
873,86,20,3,153.08,0.08
874,272,6,4,958.61,0.27
876,380,10,2,340.2,0.05
879,108,3,2,1143.59,0.16
881,44,70,8,1814.54,0.1
883,571,29,6,1145.14,0.02
884,298,80,8,1815.86,0.07
885,88,77,2,784.54,0.34
887,397,18,7,20.72,0.08
888,692,53,7,742.31,0.06
889,510,17,3,647.97,0.0
891,750,30,4,1439.39,0.21
892,153,32,2,18.22,0.03
893,284,10,9,1852.84,0.19
894,494,76,5,95.04,0.06
895,580,67,1,1920.43,0.32
897,786,39,3,394.87,0.3
898,208,42,9,1360.73,0.3
899,540,24,1,1974.09,0.18
900,508,39,9,896.26,0.29
901,400,72,6,1555.39,0.28
905,232,38,6,1479.09,0.22
906,488,66,3,235.63,0.23
907,503,37,4,432.7,0.06
908,297,58,5,1465.01,0.35
910,166,71,3,1575.95,0.26
911,551,22,1,271.66,0.1
912,660,76,3,1326.2,0.01
913,97,24,5,415.14,0.14
914,317,56,5,366.72,0.0
915,573,29,9,194.22,0.28
916,727,48,2,1247.22,0.2
917,345,74,8,858.2,0.2
918,317,12,2,1171.72,0.09
921,3,68,7,1555.79,0.36
925,201,21,1,241.5,0.27
927,537,44,6,1004.4,0.39
928,200,53,1,340.59,0.08
932,287,71,8,1052.33,0.15
933,622,16,5,1952.16,0.0
934,282,12,7,440.75,0.32
935,370,67,10,866.6,0.08
937,777,74,1,1754.87,0.01
939,270,33,6,542.84,0.38
941,717,70,3,1201.43,0.1
942,260,47,5,1920.11,0.04
944,508,5,9,1363.06,0.12
946,11,25,9,493.49,0.27
948,191,5,7,15.13,0.29
949,665,5,10,1318.5,0.16
952,144,5,7,985.93,0.05
954,767,20,6,477.22,0.33
955,142,56,10,713.3,0.38
956,539,11,1,491.14,0.37
957,760,65,6,34.71,0.28
958,32,66,5,817.41,0.12
959,361,77,4,739.69,0.13
960,795,43,8,1257.03,0.37
964,640,3,3,1822.98,0.39
965,377,15,2,995.39,0.37
966,362,46,6,1847.65,0.32
967,674,62,7,832.45,0.02
968,31,65,5,405.84,0.19
970,590,67,1,1959.14,0.01
971,178,6,1,1224.12,0.08
972,190,1,9,1123.23,0.18
975,475,72,3,1524.44,0.24
976,563,61,5,1220.72,0.07
977,223,73,2,985.93,0.13
978,388,75,10,1611.38,0.11
979,125,69,3,489.77,0.31
980,54,29,9,1548.21,0.02
983,668,55,10,531.62,0.39
985,256,42,10,1942.17,0.14
986,561,41,5,1977.84,0.36
988,80,63,3,1208.26,0.21
990,516,25,1,1256.88,0.19
998,423,68,6,1479.74,0.23
999,313,70,2,104.56,0.09
1001,239,58,3,196.3,0.18
1002,638,22,4,1725.9,0.37
1003,390,68,8,753.08,0.0
1005,217,49,9,1206.31,0.33
1007,402,24,6,853.63,0.26
1009,447,1,5,1689.41,0.0
1010,416,22,9,926.36,0.33
1011,519,17,10,675.02,0.26
1012,651,41,10,1373.26,0.4
1013,378,52,10,1867.83,0.0
1014,366,14,9,835.05,0.19
1015,461,37,6,1727.32,0.25
1018,252,72,6,1284.58,0.21
1020,681,76,2,906.85,0.23
1021,344,2,5,1372.89,0.32
1022,677,64,10,162.36,0.12
1023,515,10,6,985.93,0.24
1024,390,76,6,1983.66,0.07
1025,472,1,6,38.06,0.23
1028,460,42,9,1776.04,0.03
1030,167,1,4,686.66,0.0
1031,86,57,5,772.92,0.37
1034,622,44,2,1059.92,0.38
1035,13,18,10,1601.25,0.03
1039,462,39,10,1804.83,0.26
1040,640,39,3,929.39,0.38
1041,105,54,10,985.93,0.36
1043,733,2,5,985.93,0.38
1044,253,33,8,1600.68,0.33
1046,77,6,5,1686.46,0.0
1047,690,77,3,570.9,0.18
1050,563,55,1,552.02,0.26
1051,377,75,7,1364.98,0.0
1055,194,5,6,591.82,0.23
1056,611,53,4,1954.77,0.32
1057,32,33,3,285.63,0.1
1058,41,26,3,436.88,0.33
1059,670,73,5,1351.12,0.3
1060,768,41,8,1782.84,0.09
1061,548,65,1,985.93,0.29
1065,219,27,1,985.93,0.03
1066,205,16,8,1144.59,0.05
1067,366,55,8,265.3,0.03
1069,219,78,10,985.93,0.18
1070,602,33,7,1859.14,0.32
1071,703,4,7,1558.82,0.29
1072,340,80,9,1276.93,0.1
1073,242,75,10,985.93,0.01
1074,757,60,6,398.45,0.22
1075,774,29,1,903.1,0.38
1076,551,76,3,1950.03,0.0
1077,284,3,8,1520.83,0.03
1078,710,2,1,1905.37,0.39
1080,798,2,8,1554.23,0.28
1081,676,55,10,1750.35,0.0
1082,234,66,8,1250.53,0.35
1083,23,37,4,123.08,0.2
1085,203,20,8,595.56,0.39
1086,688,20,6,985.93,0.0
1087,105,32,4,110.25,0.01
1089,783,80,5,1470.44,0.17
1090,325,69,3,1441.07,0.25
1091,33,24,6,1112.55,0.24
1092,661,22,1,1852.48,0.2
1093,462,28,5,1824.58,0.14
1095,305,70,8,731.49,0.15
1096,668,38,10,205.85,0.05
1097,749,26,7,125.59,0.33
1098,451,73,6,1338.52,0.36
1100,367,20,2,1573.78,0.2
1101,767,46,8,1467.43,0.35
1102,675,19,4,269.78,0.06
1106,280,24,5,437.96,0.3
1108,199,33,7,1913.04,0.23
1109,366,61,1,367.12,0.22
1111,88,40,3,985.93,0.18
1113,286,45,6,1142.62,0.31
1114,529,60,6,893.73,0.25
1115,4,78,1,28.52,0.38
1116,434,64,8,652.46,0.27
1117,304,80,4,784.7,0.25
1118,128,37,5,1587.49,0.37
1119,411,19,5,1326.49,0.37
1120,733,49,8,1114.05,0.27
1122,94,65,10,902.78,0.24
1123,113,56,10,985.93,0.06
1124,300,6,7,692.4,0.32
1125,604,18,4,1338.12,0.38
1126,496,24,4,14.7,0.22
1127,146,40,7,44.34,0.23
1128,418,78,1,408.36,0.36
1129,603,66,9,537.6,0.0
1131,748,63,5,397.97,0.22
1132,470,56,6,1784.61,0.28
1133,440,16,9,1450.24,0.12
1134,752,78,7,418.44,0.1
1135,537,21,1,33.53,0.28
1137,400,1,10,1676.46,0.23
1138,684,58,6,1633.76,0.29
1139,513,44,7,625.15,0.35
1141,425,78,8,1568.35,0.09
1142,425,56,3,1601.2,0.04
1143,248,3,2,1602.94,0.2
1144,381,18,10,788.43,0.14
1145,217,41,10,1759.99,0.08
1146,435,80,4,1616.73,0.22
1147,670,69,7,1808.4,0.28
1148,271,55,8,844.71,0.38
1149,371,15,4,985.93,0.23
1151,132,16,2,1146.4,0.25
1152,428,24,6,852.92,0.09
1153,750,17,9,187.23,0.11
1155,764,77,3,1033.41,0.34
1156,310,26,1,938.77,0.04
1157,501,61,7,712.42,0.1
1158,571,14,3,1818.73,0.16
1159,131,78,1,1665.38,0.38
1160,256,73,10,1710.08,0.22
1161,221,73,10,1729.78,0.09
1162,714,47,2,1898.13,0.0
1163,724,51,6,1198.09,0.02
1164,258,27,10,1617.69,0.17
1165,475,20,8,798.96,0.2
1167,217,18,7,1292.55,0.19
1168,674,40,4,582.14,0.32
1169,779,53,2,671.7,0.3
1170,70,66,8,794.79,0.27
1171,43,30,6,985.93,0.23
1172,131,42,6,962.51,0.24
1175,684,40,9,524.3,0.18
1176,480,69,5,1504.29,0.16
1177,442,51,9,447.85,0.37
1179,150,27,6,898.61,0.33
1180,735,78,1,1456.67,0.11
1182,515,71,9,1392.32,0.38
1183,20,32,10,723.65,0.21
1185,661,27,4,1265.12,0.0
1186,395,28,3,67.0,0.25
1187,405,28,1,1189.33,0.07
1188,36,15,1,1795.64,0.38
1189,15,1,10,1279.51,0.3
1190,179,38,5,1982.42,0.31
1191,312,56,1,1796.33,0.28
1192,55,6,9,24.29,0.35
1193,172,15,1,752.44,0.24
1194,359,24,6,299.37,0.35
1196,480,69,10,19.08,0.13
1197,17,22,1,171.92,0.0
1201,657,77,3,1099.25,0.23
1203,411,41,5,1712.44,0.19
1204,451,73,7,1904.5,0.25
1205,619,4,2,1880.37,0.22
1206,281,43,7,932.12,0.17
1209,362,76,5,1050.65,0.22
1210,623,25,8,1784.04,0.25
1211,682,55,9,620.13,0.15
1213,232,31,7,1263.38,0.02
1215,187,28,5,555.5,0.15
1216,298,19,6,533.95,0.23
1217,568,69,5,760.24,0.2
1219,637,80,10,1624.9,0.14
1220,78,68,10,358.96,0.27
1223,610,53,5,1216.24,0.35
1226,233,18,9,785.27,0.03
1227,782,49,8,1012.98,0.1
1228,402,2,8,343.31,0.28
1229,330,77,8,1950.7,0.26
1232,350,56,9,714.35,0.22
1233,366,40,7,39.1,0.19
1234,680,18,5,1830.18,0.21
1235,622,30,6,319.17,0.11
1237,159,43,6,1876.73,0.3
1239,640,51,10,1900.67,0.23
1240,61,72,10,1430.42,0.38
1241,557,44,10,1742.14,0.15
1242,172,3,3,49.73,0.32
1243,460,19,6,1993.22,0.36
1244,493,11,1,1984.8,0.08
1246,749,21,10,484.39,0.17
1248,713,33,2,220.22,0.02
1249,750,18,2,415.52,0.0
1251,489,56,7,1918.57,0.22
1252,465,32,1,876.38,0.13
1253,370,65,2,325.81,0.22
1254,736,76,10,719.68,0.03
1256,756,68,6,515.01,0.36
1257,128,39,10,1359.74,0.09
1259,109,53,1,1494.32,0.23
1260,182,63,9,1424.7,0.27
1263,380,41,2,442.07,0.23
1269,154,23,6,837.27,0.08
1271,537,23,7,418.0,0.32
1276,354,26,4,314.82,0.1
1278,156,37,9,1209.25,0.2
1279,5,10,8,886.23,0.17
1280,355,18,3,1407.76,0.32
1281,25,17,5,1162.9,0.12
1288,503,37,10,819.04,0.19
1289,612,1,6,544.74,0.17
1290,530,65,3,664.38,0.39
1292,788,2,10,1344.69,0.39
1293,777,30,1,491.8,0.16
1295,260,23,2,985.93,0.23
1296,678,74,6,1131.61,0.25
1297,556,58,7,1705.91,0.01
1299,200,3,7,481.44,0.0
1300,395,49,1,946.49,0.14
1301,482,66,8,814.95,0.18
1302,139,5,3,1063.68,0.39
1304,350,60,5,1154.49,0.17
1305,784,23,5,1357.46,0.38
1306,619,74,9,733.77,0.04
1307,557,45,5,1473.38,0.2
1308,624,70,2,1719.66,0.09
1309,255,39,7,409.49,0.1
1310,286,42,6,1727.83,0.35
1312,648,49,5,965.4,0.29
1313,668,36,3,829.35,0.04
1315,357,31,2,1823.31,0.14
1317,628,2,9,1902.69,0.14
1319,552,23,6,1091.03,0.07
1321,213,52,5,1566.86,0.27
1322,725,29,4,1885.86,0.02
1323,148,68,5,149.38,0.3
1328,15,59,1,985.93,0.3
1329,768,4,2,508.9,0.14
1330,779,41,2,345.56,0.0
1331,185,65,2,716.29,0.26
1333,286,77,5,481.03,0.1
1334,407,20,4,1014.13,0.11
1335,403,46,10,535.7,0.34
1336,656,33,1,1312.44,0.33
1339,366,51,5,1831.14,0.21
1341,557,1,4,1004.64,0.0
1342,222,75,7,41.34,0.16
1344,69,32,1,317.68,0.33
1345,367,31,7,88.32,0.26
1346,722,4,10,980.23,0.29
1347,475,5,10,84.5,0.39
1349,555,75,1,590.21,0.04
1350,486,21,9,1322.17,0.2
1351,397,41,7,498.26,0.31
1352,461,15,8,1390.01,0.22
1353,777,72,9,737.23,0.26
1354,300,13,9,1557.88,0.35
1355,209,16,7,1942.03,0.01
1357,795,6,8,322.02,0.16
1358,158,59,5,1989.8,0.28
1359,611,62,7,1263.98,0.35
1360,720,32,2,1820.97,0.34
1362,162,45,1,590.57,0.08
1363,1,57,8,1153.43,0.28
1365,473,51,8,74.12,0.3
1366,523,40,8,256.59,0.17
1368,639,61,3,1586.96,0.27
1369,5,42,5,317.76,0.39
1370,513,56,1,734.56,0.36
1371,388,57,9,772.77,0.14
1374,26,5,6,130.5,0.03
1375,600,26,10,672.48,0.03
1376,543,3,8,849.11,0.06
1377,153,56,3,259.38,0.27
1378,3,14,3,1167.8,0.18
1379,258,32,5,1109.84,0.31
1382,348,49,6,1914.61,0.21
1384,459,55,2,302.32,0.27
1385,274,80,1,1171.65,0.0
1386,230,11,7,742.04,0.39
1387,525,13,10,1249.13,0.34
1389,745,71,2,1834.12,0.17
1390,258,42,1,1377.22,0.34
1395,677,74,6,1335.56,0.11
1396,191,31,9,865.21,0.27
1397,763,33,1,1503.56,0.28
1398,760,60,1,1585.75,0.26
1399,765,37,10,455.82,0.25
1400,468,33,1,333.89,0.04
1401,317,56,7,383.26,0.09
1402,17,37,10,1544.86,0.1
1403,719,32,6,486.49,0.26
1404,682,61,8,1291.47,0.21
1405,765,11,6,1238.71,0.12
1406,344,57,6,1922.66,0.02
1407,518,75,5,1532.75,0.23
1411,657,38,10,1917.42,0.17
1412,354,15,3,1487.17,0.03
1416,423,78,5,951.76,0.32
1419,678,64,10,598.58,0.18
1420,388,12,10,413.2,0.16
1424,767,32,3,968.05,0.25
1426,99,42,8,23.88,0.26
1427,586,25,1,317.42,0.1
1428,760,78,3,1402.27,0.26
1429,374,44,4,1386.98,0.14
1430,200,1,3,1096.14,0.35
1432,511,35,6,72.49,0.27
1433,362,7,1,962.97,0.16
1435,82,76,9,1909.79,0.15
1436,308,57,7,1948.26,0.08
1440,450,39,7,874.5,0.08
1445,360,15,9,731.82,0.01
1446,674,61,10,472.41,0.38
1447,200,48,10,1342.74,0.01
1448,1,68,6,1267.62,0.2
1451,144,77,1,1374.11,0.01
1452,530,21,1,668.47,0.12
1453,565,57,6,1109.46,0.29
1454,312,1,4,1382.91,0.32
1459,166,26,7,96.63,0.16
1460,772,42,6,1887.17,0.3
1461,184,43,9,1303.72,0.29
1462,217,44,6,1569.45,0.25
1463,61,60,5,1161.81,0.05
1464,651,47,2,465.76,0.11
1465,344,71,9,985.93,0.05
1466,318,78,6,877.0,0.14
1467,672,51,5,977.04,0.35
1469,720,32,1,1460.61,0.1
1473,395,20,3,1732.83,0.09
1474,775,75,10,1883.93,0.2
1476,789,33,6,78.6,0.11
1477,758,19,10,575.18,0.39
1480,277,1,2,384.72,0.08
1482,644,47,6,18.22,0.16
1483,714,2,3,785.63,0.08
1484,255,20,4,491.47,0.35
1485,519,66,5,1525.82,0.21
1486,275,78,4,837.08,0.14
1488,731,27,10,34.55,0.1
1489,681,13,7,562.7,0.33
1493,345,14,3,1738.31,0.36
1495,66,5,6,371.95,0.38
1496,782,51,3,231.85,0.02
1500,790,42,10,1343.18,0.27
1501,657,11,5,725.21,0.11
1502,277,55,10,985.93,0.1
1503,345,70,1,32.15,0.3
1508,477,33,1,1333.43,0.23
1509,341,53,4,1277.19,0.06
1512,197,20,10,1860.29,0.34
1513,476,67,9,1191.58,0.29
1515,689,27,8,1791.92,0.35
1516,326,7,1,388.15,0.0
1519,666,41,7,1446.98,0.28
1520,287,27,5,1920.99,0.28
1521,406,56,9,295.98,0.09
1522,82,55,1,452.51,0.32
1523,706,55,8,576.82,0.1
1524,323,2,5,211.28,0.28
1525,657,55,2,1515.04,0.0
1527,655,37,4,480.05,0.28
1528,490,5,6,316.69,0.38
1531,518,7,10,1213.18,0.36
1532,707,49,10,56.73,0.39
1533,154,16,10,283.39,0.22
1534,511,18,4,1040.61,0.14
1537,295,19,6,1992.77,0.05
1538,785,74,9,985.93,0.24
1539,600,45,2,847.44,0.27
1541,538,37,1,426.2,0.33
1542,771,42,8,123.17,0.31
1543,540,46,9,414.18,0.25
1544,385,7,10,422.23,0.03
1545,558,72,9,11.21,0.18
1546,214,58,5,794.4,0.0
1547,239,46,9,985.93,0.08
1548,184,73,6,120.63,0.37
1549,349,66,8,144.95,0.15
1550,457,3,8,126.4,0.36
1554,442,72,3,723.57,0.32
1556,489,71,1,1694.98,0.13
1557,425,70,5,558.97,0.17
1558,747,58,1,1939.62,0.1
1559,682,42,5,24.19,0.31
1563,565,75,1,852.87,0.13
1564,82,12,2,1586.28,0.15
1565,24,40,1,881.19,0.34
1573,552,74,8,867.9,0.28
1575,364,54,10,237.97,0.25
1578,552,42,6,781.94,0.25
1580,350,28,3,943.49,0.29
1582,420,55,3,1556.85,0.17
1584,143,36,5,985.93,0.03
1585,483,23,1,202.72,0.24
1587,734,23,5,199.85,0.0
1589,366,76,3,59.85,0.08
1591,294,21,4,950.72,0.19
1592,749,23,3,1369.15,0.03
1593,361,26,10,295.65,0.34
1594,572,60,4,1468.93,0.35
1595,447,57,5,998.24,0.22
1598,185,55,2,585.76,0.16
1599,82,4,9,607.78,0.0
1601,107,57,10,964.74,0.25
1602,176,53,9,1235.08,0.06
1603,214,68,10,855.58,0.16
1604,740,6,2,132.97,0.22
1605,765,32,10,1887.74,0.24
1606,416,77,5,1594.4,0.39
1607,341,49,1,1675.6,0.07
1609,572,13,9,47.02,0.03
1610,504,71,1,528.99,0.29
1611,785,19,1,1062.42,0.02
1613,6,57,2,881.08,0.0
1614,232,77,7,825.18,0.0
1616,184,65,8,876.42,0.21
1619,704,6,5,1617.23,0.28
1621,674,5,3,1436.78,0.29
1622,638,14,7,1507.79,0.17
1623,765,25,3,1562.19,0.1
1624,335,36,1,777.48,0.11
1625,573,64,9,985.93,0.25
1629,467,55,4,13.74,0.38
1631,3,57,3,31.23,0.28
1633,765,16,2,1028.2,0.0
1635,149,49,10,534.13,0.09
1636,209,78,6,828.49,0.16
1639,377,5,2,1832.71,0.15
1640,421,30,1,261.81,0.0
1644,45,73,10,1086.3,0.12
1645,107,1,7,1679.79,0.16
1650,326,70,1,776.85,0.07
1652,217,57,6,1413.55,0.0
1654,490,44,8,1190.43,0.11
1655,740,5,8,819.96,0.05
1656,260,2,8,592.13,0.39
1657,647,17,5,303.63,0.13
1659,239,72,4,1978.1,0.25
1661,54,72,2,985.93,0.33
1662,54,10,5,985.93,0.25
1663,86,1,7,714.46,0.0
1664,486,67,3,1310.78,0.35
1665,323,24,9,1143.37,0.37
1667,121,64,5,6.85,0.06
1668,264,32,5,1526.76,0.17
1670,563,69,10,1280.43,0.22
1671,331,21,3,985.93,0.02
1673,538,55,5,1756.92,0.02
1675,23,5,5,586.68,0.07
1676,515,17,10,942.32,0.31
1682,21,52,4,375.08,0.16
1684,530,64,4,1242.53,0.25
1685,275,14,9,1348.89,0.39
1688,306,64,2,1234.44,0.0
1689,21,6,5,1327.51,0.31
1691,221,64,10,420.35,0.29
1693,552,63,8,653.72,0.24
1695,285,1,3,1535.0,0.18
1696,340,1,2,1791.92,0.06
1697,464,17,10,215.3,0.11
1699,465,49,7,1689.09,0.34
1700,489,62,1,678.44,0.0
1701,305,55,5,1407.43,0.25
1703,428,20,10,1607.16,0.15
1704,619,7,8,120.07,0.23
1705,624,56,10,1957.61,0.16
1707,517,20,6,1245.33,0.39
1709,200,28,2,135.94,0.13
1710,187,38,10,1286.91,0.0
1711,286,22,2,750.53,0.23
1713,313,37,6,1366.3,0.22
1714,96,10,7,1580.26,0.21
1715,536,10,5,1720.97,0.17
1718,765,67,6,1181.01,0.24
1719,661,13,1,985.93,0.37
1722,124,41,7,1206.03,0.31
1723,378,32,8,726.42,0.2
1725,565,1,6,42.92,0.17
1726,531,22,8,1716.55,0.22
1729,766,4,5,1535.12,0.33
1730,558,66,8,184.05,0.39
1731,341,32,10,1103.76,0.4
1732,400,43,4,1520.14,0.19
1733,159,22,4,1570.93,0.31
1734,125,27,9,1357.16,0.38
1736,314,24,1,1591.01,0.04
1740,500,18,3,865.91,0.32
1741,795,10,9,114.37,0.12
1742,500,43,5,357.27,0.22
1743,171,77,4,214.07,0.06
1745,95,11,3,53.23,0.09
1746,567,73,4,198.24,0.02
1747,231,51,1,1088.72,0.01
1748,94,77,5,779.39,0.16
1750,235,31,2,1909.66,0.28
1751,123,63,6,1332.76,0.32
1752,57,76,3,590.37,0.0
1755,275,51,1,454.17,0.1
1757,357,14,10,18.9,0.3
1759,528,37,7,694.82,0.22
1765,178,47,4,1323.18,0.03
1766,355,39,5,1359.54,0.04
1767,567,15,4,1511.51,0.24
1768,557,21,6,870.96,0.04
1769,492,49,6,767.92,0.13
1771,148,67,1,505.51,0.21
1772,743,70,10,240.05,0.31
1773,211,78,6,393.55,0.39
1775,14,63,1,1205.74,0.39
1776,606,15,8,1597.97,0.19
1777,382,53,10,1829.82,0.25
1778,271,30,10,162.3,0.27
1780,561,11,1,1865.55,0.32
1781,244,55,4,927.68,0.21
1782,691,62,9,290.06,0.05
1785,619,35,2,599.94,0.0
1786,543,7,5,1794.64,0.2
1787,190,72,2,937.24,0.1
1788,207,11,2,1034.98,0.0
1790,489,26,9,1620.73,0.08
1791,713,72,1,1796.66,0.26
1793,15,61,5,1063.85,0.03
1794,523,32,10,1298.0,0.13
1795,189,58,5,854.27,0.14
1796,795,23,5,1629.37,0.17
1797,164,30,7,999.1,0.01
1800,418,4,4,1224.39,0.0
1802,381,54,9,548.36,0.09
1803,284,44,9,1946.05,0.37
1805,491,67,10,1113.01,0.37
1807,563,2,6,1717.87,0.0
1808,508,65,2,473.65,0.25
1809,68,52,1,952.18,0.21
1810,767,1,6,1981.51,0.19
1811,798,4,2,819.0,0.39
1812,710,22,7,1203.65,0.28
1813,635,58,6,985.93,0.31
1814,538,70,10,1410.34,0.38
1816,342,14,2,1816.11,0.35
1817,23,77,4,1887.79,0.03
1821,82,76,8,985.93,0.05
1822,722,80,5,410.74,0.37
1824,238,73,5,248.79,0.28
1826,472,21,1,915.47,0.39
1830,532,52,8,1470.97,0.34
1831,547,16,3,1489.72,0.16
1832,376,36,6,453.87,0.12
1833,136,14,1,1810.58,0.26
1836,321,59,3,927.03,0.21
1837,585,26,6,874.6,0.34
1838,388,11,3,1769.05,0.34
1839,548,40,8,1776.05,0.27
1840,371,37,1,444.66,0.3
1841,78,78,10,349.91,0.39
1843,777,32,5,1937.82,0.18
1844,634,12,1,751.74,0.35
1845,276,54,1,806.03,0.01
1846,466,28,4,1582.39,0.09
1847,777,17,5,1347.16,0.02
1848,49,61,6,1370.66,0.23
1849,764,80,1,1787.74,0.27
1850,518,39,6,1467.8,0.18
1852,696,73,9,488.29,0.18
1855,566,5,6,1772.71,0.27
1856,295,27,5,1839.59,0.1
1858,776,51,2,1471.27,0.25
1860,254,14,4,27.82,0.0
1861,583,6,5,143.58,0.0
1862,304,19,2,798.65,0.06
1864,121,6,10,55.72,0.26
1866,231,29,6,1268.29,0.0
1867,598,80,4,1485.86,0.0
1869,403,60,6,408.63,0.28
1870,350,11,3,1641.29,0.25
1874,465,54,6,261.75,0.13
1877,504,62,10,750.98,0.16
1878,758,4,1,1764.28,0.14
1880,371,78,4,464.06,0.31
1881,793,3,9,178.74,0.29
1882,590,69,9,434.85,0.37
1883,535,64,4,572.33,0.06
1884,503,38,5,1002.05,0.0
1886,489,27,3,678.55,0.04
1888,529,43,10,360.07,0.19
1890,320,69,4,1093.52,0.1
1891,554,23,3,1840.73,0.0
1892,194,47,8,850.72,0.33
1893,34,13,4,1138.5,0.26
1894,321,67,1,1350.03,0.05
1898,173,31,7,360.95,0.17
1902,3,17,3,1664.48,0.28
1903,244,40,7,404.47,0.23
1905,269,52,10,199.41,0.17
1907,580,42,1,378.27,0.24
1908,555,11,10,1917.01,0.19
1909,264,6,3,985.93,0.22
1910,673,24,9,1277.28,0.01
1911,674,42,10,262.05,0.14
1912,561,35,1,7.87,0.14
1913,301,80,1,1358.38,0.0
1914,143,40,1,1244.88,0.14
1923,538,14,3,581.18,0.0
1924,111,49,1,1881.96,0.08
1925,159,57,7,1149.02,0.11
1926,530,69,7,167.58,0.25
1927,324,68,4,167.18,0.25
1928,656,4,2,272.66,0.17
1935,376,51,3,1186.87,0.22
1937,748,40,1,1268.83,0.3
1938,37,41,1,95.69,0.16
1939,619,18,3,396.66,0.02
1941,305,68,1,92.37,0.14
1943,323,2,1,697.28,0.13
1945,39,55,2,1479.28,0.1
1946,736,19,3,1097.44,0.04
1947,277,1,5,985.93,0.12
1949,501,73,6,464.36,0.06
1950,755,67,7,575.32,0.36
1951,221,49,9,382.49,0.26
1952,193,16,8,1679.83,0.07
1954,171,77,3,1892.56,0.34
1956,704,13,3,626.44,0.0
1957,682,73,6,74.04,0.17
1958,361,26,4,418.41,0.21
1960,489,17,4,32.95,0.19
1961,306,51,6,340.53,0.0
1964,433,53,9,57.21,0.26
1966,144,53,4,600.25,0.02
1967,729,35,1,134.59,0.27
1968,247,10,6,331.05,0.34
1969,642,49,7,1256.37,0.0
1972,301,73,10,1203.89,0.01
1975,273,17,3,134.76,0.31
1976,179,61,6,985.93,0.11
1978,33,70,3,604.78,0.01
1979,785,30,2,1345.95,0.37
1981,678,24,5,1467.3,0.13
1982,725,43,7,524.89,0.07
1983,286,71,6,144.79,0.31
1984,754,55,9,470.99,0.15
1985,56,65,6,171.07,0.28
1988,21,71,10,58.8,0.23
1989,22,68,4,441.0,0.23
1991,370,7,9,1659.76,0.14
1993,44,57,9,223.57,0.0
1995,193,64,2,668.15,0.18
1996,254,72,10,122.48,0.17
1997,209,42,4,985.93,0.28
1998,59,59,1,418.94,0.22
