order_id,customer_id,order_date,ship_date,status,total_amount,payment_method,shipping_city
1,232,2023-10-28,2023-11-07,pending,655.31,credit_card,Bangalore
2,205,2026-09-05,2026-09-12,cancelled,1431.83,wallet,New York
3,189,2024-11-15,2024-11-22,returned,2387.43,,Kolkata
4,115,2025-08-19,2025-08-27,cancelled,2641.12,upi,Jaipur
5,292,2022-04-08,2022-04-17,delivered,547.08,,London
6,92,2023-01-09,2023-01-16,returned,4385.01,debit_card,Delhi
7,133,2025-10-11,2025-10-12,returned,-1980.72,wallet,New York
8,203,2023-09-12,2023-09-16,shipped,-568.44,wallet,Chennai
9,76,,2024-08-31,shipped,3696.52,,Mumbai
10,,2024-05-01,2024-05-11,returned,3658.08,cash,Mumbai
11,217,2025-03-26,2025-04-02,,4446.81,debit_card,Ahmedabad
12,113,2025-04-18,2025-04-28,cancelled,4268.73,upi,Toronto
13,83,2025-06-27,2025-06-29,cancelled,3338.61,debit_card,Mumbai
14,184,2023-06-19,2023-06-28,shipped,169.53,upi,Toronto
15,137,2022-11-06,2022-11-16,pending,3350.73,wallet,Delhi
16,22,2024-11-04,2024-11-08,pending,4555.82,debit_card,Hyderabad
17,213,2022-01-14,2022-01-20,shipped,1440.92,cash,Bangalore
18,,2024-04-18,,returned,3975.09,upi,Toronto
19,32,2024-03-16,2024-03-19,returned,4513.53,wallet,London
20,177,2022-01-17,2022-01-27,returned,4603.05,cash,Chennai
21,276,2023-11-17,2023-11-20,delivered,2607.14,credit_card,Jaipur
22,124,2023-09-15,2023-09-17,pending,3662.61,credit_card,Hyderabad
23,298,2025-03-04,2025-03-13,returned,4224.03,wallet,Delhi
24,299,2023-01-30,2023-02-01,shipped,741.3,upi,Pune
25,266,2024-03-19,2024-03-26,shipped,4982.59,cash,London
26,271,2022-08-30,2022-08-31,cancelled,3735.02,,Bangalore
27,157,2024-02-06,2024-02-09,shipped,719.28,credit_card,
28,23,2024-05-05,2024-05-13,shipped,4502.43,cash,Bangalore
29,167,2022-07-02,2022-07-09,cancelled,1942.3,debit_card,Surat
30,159,2025-02-23,2025-02-25,shipped,970.21,credit_card,Jaipur
31,10,2023-07-18,,pending,2226.71,credit_card,Kolkata
32,47,2022-08-23,2022-08-28,shipped,728.73,,Mumbai
33,51,2023-10-18,2023-10-23,returned,1883.81,wallet,Delhi
34,163,2024-08-09,2024-08-10,pending,2043.39,debit_card,Pune
35,257,2023-02-21,2023-03-02,,4926.69,wallet,
36,247,2023-07-14,2023-07-21,shipped,4996.22,upi,London
37,72,2025-02-13,2025-02-17,delivered,3056.12,upi,Kolkata
38,236,2025-05-12,2025-05-15,cancelled,-3235.75,cash,Jaipur
39,40,2025-01-08,2025-01-16,shipped,3364.51,credit_card,Kolkata
40,9287,2022-01-20,2022-01-26,cancelled,,cash,London
41,4,2023-02-06,2023-02-08,returned,4350.88,debit_card,Bangalore
42,66,,2023-06-25,returned,3647.21,,Pune
43,27,2023-10-24,,,617.37,wallet,Mumbai
44,172,2022-06-17,2022-06-21,delivered,4890.7,credit_card,
45,172,2023-05-28,2023-06-03,returned,4164.26,cash,Delhi
46,18,2024-02-12,2024-02-14,cancelled,3915.4,,Pune
47,211,2023-04-23,2023-05-03,delivered,62.93,credit_card,Kolkata
48,56,2026-07-31,2026-08-04,returned,4522.81,credit_card,Chennai
49,263,2025-08-27,2025-09-05,pending,3879.72,,Jaipur
50,287,2022-04-22,2022-04-26,cancelled,3206.37,wallet,Kolkata
51,215,2023-11-05,2023-11-06,shipped,2484.69,upi,Pune
52,95,2022-01-14,2022-01-15,,,debit_card,Hyderabad
53,90,,2023-12-01,cancelled,117.25,upi,Chennai
54,190,2024-02-02,2024-02-12,shipped,4409.5,upi,Pune
55,126,2022-04-05,2022-04-14,shipped,1477.97,cash,Delhi
56,34,2022-12-09,2022-12-18,cancelled,1877.59,upi,New York
57,299,2025-08-23,2025-08-27,shipped,2265.88,wallet,Toronto
58,228,2024-11-28,2024-12-06,cancelled,2566.19,debit_card,Chennai
59,184,2022-06-18,2022-06-27,pending,3221.84,upi,London
60,141,2023-01-26,2023-02-04,cancelled,-4562.79,credit_card,Jaipur
61,77,2024-03-25,2024-03-29,cancelled,2377.45,debit_card,London
62,9142,2024-07-10,2024-07-20,delivered,4370.01,cash,London
63,167,2026-07-22,2026-07-25,returned,4886.44,debit_card,Delhi
64,97,2024-08-30,2024-09-07,returned,3198.63,credit_card,Pune
65,120,2023-08-20,2023-08-21,pending,-1849.57,credit_card,Hyderabad
66,106,2023-09-27,2023-10-05,cancelled,,debit_card,Pune
67,127,2024-12-12,2024-12-20,cancelled,2306.42,upi,Toronto
68,213,2023-05-26,2023-06-02,pending,2294.56,upi,Jaipur
69,35,2025-11-30,2025-12-08,returned,2062.28,cash,Hyderabad
70,237,2022-02-24,,pending,1911.97,cash,Delhi
71,125,2024-06-15,2024-06-18,cancelled,-861.24,credit_card,Bangalore
72,92,2023-03-20,2023-03-29,pending,1088.67,credit_card,Mumbai
73,,2023-05-27,2023-05-29,pending,-90.03,debit_card,Mumbai
74,56,2023-11-01,2023-11-11,delivered,,,Hyderabad
75,34,2025-09-09,2025-09-15,pending,229.26,wallet,Delhi
76,199,2025-10-20,2025-10-23,cancelled,,wallet,Jaipur
77,120,2024-10-28,2024-11-01,shipped,115.85,upi,Hyderabad
78,105,2025-08-07,2025-08-17,pending,4942.87,upi,Hyderabad
79,170,2023-12-03,2023-12-07,shipped,,cash,
80,73,2023-02-23,2023-03-04,delivered,4157.79,cash,Hyderabad
81,296,2024-07-07,2024-07-15,returned,409.28,debit_card,Toronto
82,196,2024-05-25,2024-05-30,cancelled,2979.96,cash,Bangalore
83,9882,2022-11-13,2022-11-22,delivered,3654.54,wallet,Mumbai
84,64,2024-02-28,2024-03-06,delivered,4785.91,cash,Hyderabad
85,9681,2025-07-16,2025-07-19,,1314.04,cash,Surat
86,42,2024-11-27,2024-11-30,cancelled,4150.45,credit_card,Surat
87,177,2022-10-20,2022-10-27,cancelled,-3498.05,cash,Kolkata
88,69,2023-02-10,2023-02-12,shipped,2258.8,cash,Surat
89,86,2022-06-13,2022-06-18,pending,-330.67,credit_card,Toronto
90,9617,2023-03-09,2023-03-18,cancelled,4934.62,upi,Hyderabad
91,205,2024-02-15,2024-02-21,,-4033.29,wallet,London
92,,2024-01-25,2024-02-02,,2579.42,credit_card,London
93,228,2023-04-24,2023-05-04,pending,3971.86,debit_card,Jaipur
94,259,2022-03-07,2022-03-12,pending,4163.45,debit_card,Toronto
95,46,2022-08-05,2022-08-08,cancelled,4645.73,debit_card,New York
96,47,2025-11-17,2025-11-27,cancelled,3834.02,cash,Hyderabad
97,149,2022-06-29,2022-07-09,cancelled,,credit_card,Hyderabad
98,217,2023-10-17,2023-10-20,cancelled,2603.56,upi,Ahmedabad
99,76,2025-05-16,2025-05-17,returned,2998.41,cash,
100,171,2022-11-09,2022-11-13,cancelled,3505.03,debit_card,Jaipur
101,217,2025-10-20,2025-10-27,returned,1961.4,wallet,Mumbai
102,156,2024-07-26,2024-08-03,pending,3482.82,credit_card,Bangalore
103,219,2025-10-23,2025-10-25,delivered,1784.36,cash,Delhi
104,251,2023-09-12,2023-09-19,cancelled,3881.49,,Delhi
105,251,2025-08-06,2025-08-07,returned,2938.38,cash,Bangalore
106,33,2025-01-05,2025-01-06,returned,1975.04,credit_card,Hyderabad
107,61,2023-01-06,2023-01-07,shipped,2778.06,credit_card,Delhi
108,187,2025-01-19,2025-01-20,returned,1249.2,upi,Kolkata
109,262,2023-03-06,2023-03-07,returned,1193.13,upi,Surat
110,282,2023-06-07,2023-06-10,returned,2006.3,upi,London
111,191,2025-02-28,2025-03-10,returned,828.57,wallet,Jaipur
112,169,2025-08-04,2025-08-09,shipped,740.18,credit_card,London
113,251,2022-07-15,2022-07-20,cancelled,2762.2,wallet,Pune
114,66,2026-11-22,2026-11-25,delivered,721.92,wallet,Ahmedabad
115,182,2024-08-17,2024-08-24,pending,2607.77,upi,New York
116,123,2022-07-11,2022-07-16,returned,2775.26,cash,New York
117,64,2026-08-31,2026-09-01,returned,3573.66,cash,New York
118,269,2023-04-06,2023-04-09,pending,2573.29,wallet,Delhi
119,9646,2023-08-25,2023-09-04,pending,1974.17,,Mumbai
120,9911,2023-09-04,2023-09-07,shipped,-2016.32,credit_card,New York
121,241,2024-03-20,2024-03-23,shipped,2686.77,upi,London
122,98,2023-08-07,2023-08-13,delivered,4505.98,cash,London
123,205,2024-10-24,2024-10-31,pending,665.77,upi,Surat
124,223,2024-09-10,2024-09-17,delivered,1246.26,cash,London
125,53,2025-12-06,2025-12-10,pending,4962.83,debit_card,Surat
126,27,2024-02-18,,pending,1116.66,upi,Hyderabad
127,25,2023-01-08,2023-01-14,cancelled,1067.77,credit_card,New York
128,67,2023-11-10,2023-11-20,pending,2649.02,,New York
129,99,2025-12-14,2025-12-23,,3098.86,wallet,Toronto
130,287,2023-12-13,2023-12-15,pending,4555.14,debit_card,
131,98,2024-03-25,2024-04-03,cancelled,4857.98,credit_card,Hyderabad
132,5,2024-11-16,2024-11-25,,1301.58,credit_card,Chennai
133,139,2022-04-16,2022-04-20,pending,-2677.63,upi,Pune
134,151,2023-10-27,2023-10-28,returned,4121.42,wallet,London
135,132,2025-07-06,2025-07-14,shipped,1110.99,cash,Ahmedabad
136,93,2024-07-29,2024-08-02,shipped,2852.59,debit_card,Delhi
137,,2025-08-14,2025-08-23,pending,695.08,credit_card,Toronto
138,74,2025-07-08,2025-07-09,shipped,4788.51,cash,Chennai
139,80,2023-05-15,2023-05-24,cancelled,624.15,credit_card,Pune
140,147,2023-04-08,2023-04-10,pending,2464.18,credit_card,Surat
141,220,2024-12-22,2024-12-29,pending,759.6,upi,Toronto
142,40,2022-01-05,2022-01-08,pending,1608.08,upi,Kolkata
143,94,2024-02-28,2024-03-07,shipped,3470.17,wallet,Jaipur
144,118,2024-02-27,2024-03-07,pending,2893.6,upi,Bangalore
145,31,2023-12-17,2023-12-20,shipped,1480.54,debit_card,London
146,194,2022-02-23,2022-02-24,pending,3509.99,debit_card,Surat
147,214,2022-11-03,2022-11-06,pending,3743.05,credit_card,Bangalore
148,6,2024-03-22,2024-03-30,cancelled,2775.24,credit_card,Bangalore
149,206,2025-06-21,2025-06-30,cancelled,3029.37,upi,Hyderabad
150,54,2022-06-09,2022-06-15,delivered,149.96,credit_card,Delhi
151,290,2022-04-02,2022-04-03,cancelled,249.76,cash,Bangalore
152,,2023-11-10,2023-11-12,pending,2515.86,cash,New York
153,119,2023-03-18,2023-03-21,delivered,4967.15,upi,
154,199,2023-05-05,,delivered,4790.5,credit_card,Ahmedabad
155,152,2022-11-27,2022-12-03,delivered,455.25,debit_card,Surat
156,187,2023-08-11,2023-08-14,cancelled,2209.73,credit_card,
157,9873,2025-12-04,2025-12-06,cancelled,1460.4,cash,Ahmedabad
158,93,2022-08-10,2022-08-17,cancelled,1005.36,wallet,Ahmedabad
159,110,2023-10-18,2023-10-25,shipped,321.38,cash,New York
160,73,2022-05-22,2022-05-30,pending,4357.73,upi,Kolkata
161,247,,2024-09-07,returned,1779.91,wallet,Kolkata
162,163,2022-01-30,2022-02-02,pending,2502.23,debit_card,New York
163,50,2022-03-16,2022-03-23,shipped,3485.27,credit_card,
164,158,2024-10-25,2024-11-02,returned,3248.07,debit_card,Kolkata
165,84,2025-01-16,2025-01-23,pending,3174.2,credit_card,Pune
166,279,2022-07-24,2022-07-25,pending,3341.87,credit_card,Toronto
167,212,2025-08-13,2025-08-14,delivered,4698.69,cash,Mumbai
168,213,2026-08-22,2026-08-31,shipped,4101.97,wallet,Mumbai
169,296,2024-05-28,2024-05-31,shipped,2021.56,cash,New York
170,284,2022-11-22,2022-11-24,returned,-137.94,,London
171,233,2025-07-23,2025-07-27,cancelled,3266.09,upi,Bangalore
172,297,2022-07-31,2022-08-02,delivered,544.31,credit_card,Mumbai
173,250,2025-07-05,2025-07-12,shipped,4449.67,credit_card,Kolkata
174,,,2025-06-16,shipped,4633.65,,Bangalore
175,65,2023-07-03,2023-07-05,returned,1749.28,upi,New York
176,144,2024-03-15,2024-03-25,cancelled,1564.81,upi,Surat
177,103,2025-03-07,2025-03-09,returned,2252.52,wallet,Mumbai
178,166,2024-05-29,,pending,1083.77,wallet,Hyderabad
179,198,2023-08-04,2023-08-06,returned,2809.18,cash,Kolkata
180,26,2024-10-08,2024-10-15,pending,605.1,wallet,Ahmedabad
181,207,2022-03-17,2022-03-18,delivered,-1693.58,cash,Toronto
182,25,2024-03-16,2024-03-24,pending,4244.87,debit_card,Kolkata
183,,2023-04-09,,pending,4082.58,credit_card,London
184,195,2023-07-07,2023-07-17,cancelled,2308.86,wallet,Surat
185,251,2023-07-29,2023-08-02,shipped,468.08,debit_card,Delhi
186,31,2026-09-07,2026-09-14,delivered,947.71,cash,Jaipur
187,67,2023-03-25,2023-04-02,shipped,4340.62,wallet,Bangalore
188,55,2022-08-14,2022-08-17,returned,1341.12,debit_card,Pune
189,28,2024-06-22,2024-06-29,returned,3662.69,credit_card,New York
190,57,2023-03-26,2023-04-05,cancelled,1338.23,upi,Bangalore
191,178,2025-07-28,2025-07-29,shipped,480.27,debit_card,Ahmedabad
192,7,2025-09-26,,delivered,4872.11,cash,Ahmedabad
193,9,2025-03-07,2025-03-11,delivered,2631.09,wallet,Ahmedabad
194,235,2022-01-28,2022-02-03,pending,4457.95,credit_card,Pune
195,73,2024-01-02,2024-01-09,delivered,1803.51,cash,Jaipur
196,179,2023-11-10,2023-11-15,cancelled,1553.52,upi,Mumbai
197,76,2024-08-13,2024-08-18,pending,3122.74,wallet,Ahmedabad
198,9257,2023-12-23,2023-12-26,shipped,1757.59,debit_card,Hyderabad
199,42,2023-08-19,2023-08-25,delivered,1251.16,debit_card,New York
200,297,2022-10-13,2022-10-16,cancelled,2087.4,cash,Jaipur
201,161,2024-10-28,2024-11-05,pending,1777.43,debit_card,Chennai
202,298,2024-11-14,2024-11-24,cancelled,4390.25,cash,
203,55,2023-11-14,2023-11-24,pending,2412.52,wallet,Ahmedabad
204,80,2023-09-09,2023-09-10,pending,4030.03,credit_card,Jaipur
205,29,2022-09-07,2022-09-10,returned,4103.15,credit_card,London
206,88,2024-11-13,2024-11-21,delivered,2407.53,credit_card,Pune
207,146,2024-07-25,,delivered,1520.78,cash,Bangalore
208,258,2023-03-08,2023-03-15,cancelled,2570.1,upi,New York
209,202,2022-05-20,2022-05-27,returned,4813.15,wallet,Kolkata
210,207,2022-05-19,2022-05-22,shipped,1166.2,debit_card,Bangalore
211,197,2024-05-10,2024-05-15,pending,581.22,cash,New York
212,103,2023-02-05,2023-02-10,pending,1135.23,credit_card,Toronto
213,3,2024-01-07,2024-01-09,shipped,1710.15,cash,Kolkata
214,287,2022-10-10,2022-10-17,cancelled,4371.14,,Chennai
215,129,2024-03-10,2024-03-13,returned,4840.89,wallet,Delhi
216,135,2026-10-08,2026-10-12,pending,1679.36,wallet,London
217,19,2023-12-10,2023-12-20,pending,3699.05,debit_card,Pune
218,9800,2022-02-13,2022-02-17,pending,2675.59,debit_card,Pune
219,60,2024-06-15,2024-06-21,pending,1765.43,wallet,
220,128,2022-04-27,2022-04-30,shipped,1420.15,credit_card,Delhi
221,279,2023-02-26,2023-03-04,returned,4489.22,wallet,Kolkata
222,258,2022-08-02,2022-08-12,delivered,2436.18,upi,Toronto
223,121,2025-12-01,2025-12-03,pending,116.24,cash,Pune
224,,2023-04-05,2023-04-12,returned,2667.13,upi,Surat
225,15,2023-11-30,2023-12-07,delivered,3915.24,cash,London
226,266,2023-06-17,2023-06-21,shipped,-668.04,wallet,Surat
227,138,2025-09-12,2025-09-22,cancelled,71.57,,Kolkata
228,285,2023-03-23,2023-03-25,delivered,1389.46,debit_card,Bangalore
229,9700,2023-04-22,2023-05-01,delivered,,upi,Mumbai
230,180,2022-08-12,2022-08-21,pending,396.48,,Surat
231,172,2024-04-15,2024-04-20,pending,3113.36,upi,Toronto
232,298,2025-12-30,2026-01-09,pending,172.67,wallet,Surat
233,215,2025-01-08,2025-01-17,shipped,3993.05,debit_card,Toronto
234,186,2023-04-18,2023-04-20,returned,3468.43,cash,Ahmedabad
235,118,2025-03-12,2025-03-21,delivered,1232.27,cash,Bangalore
236,9123,2023-01-04,2023-01-11,pending,,debit_card,Bangalore
237,272,2024-03-05,2024-03-12,delivered,3487.67,credit_card,Kolkata
238,210,2025-07-15,2025-07-20,returned,3790.72,wallet,New York
239,195,2023-10-19,,returned,1403.7,cash,Pune
240,92,2022-10-21,2022-10-25,shipped,2158.38,cash,Bangalore
241,133,2025-05-26,,pending,713.61,,Mumbai
242,145,2025-03-15,2025-03-18,cancelled,4156.88,credit_card,Chennai
243,60,2023-12-26,2023-12-30,returned,3639.53,upi,Mumbai
244,267,2023-10-13,2023-10-14,shipped,4746.42,debit_card,Bangalore
245,,2022-09-27,2022-10-06,shipped,,upi,New York
246,179,2024-09-18,2024-09-23,returned,4205.05,credit_card,Toronto
247,215,2024-07-04,2024-07-06,shipped,889.21,cash,New York
248,149,2023-07-03,2023-07-10,cancelled,313.41,credit_card,London
249,24,2023-09-24,2023-09-27,shipped,,credit_card,Delhi
250,171,2023-12-24,2023-12-25,shipped,2598.06,upi,Hyderabad
251,9962,2022-01-28,2022-02-06,shipped,521.58,credit_card,Delhi
252,194,2025-09-04,2025-09-09,,4311.3,wallet,Delhi
253,201,2023-02-02,2023-02-08,returned,2131.51,credit_card,Pune
254,248,2023-08-06,2023-08-10,pending,1918.22,credit_card,Hyderabad
255,245,2025-02-27,2025-03-02,cancelled,4050.31,cash,Ahmedabad
256,291,2023-04-22,2023-04-29,cancelled,1564.16,debit_card,Toronto
257,256,2023-10-04,2023-10-12,pending,3547.25,debit_card,Bangalore
258,63,2022-12-07,2022-12-09,returned,,credit_card,Chennai
259,139,2024-12-06,2024-12-16,delivered,3254.6,cash,Kolkata
260,70,2022-12-03,,shipped,1595.26,cash,Mumbai
261,81,2022-05-17,2022-05-21,cancelled,-1731.34,wallet,Chennai
262,104,2022-06-08,2022-06-12,cancelled,1407.13,wallet,Toronto
263,243,2023-03-05,2023-03-09,delivered,465.78,debit_card,Ahmedabad
264,242,2023-11-01,2023-11-05,returned,2805.12,wallet,Bangalore
265,143,2025-12-27,2026-01-04,delivered,2455.57,cash,Kolkata
266,110,,2025-06-21,returned,1918.46,upi,Kolkata
267,9281,2022-01-27,,returned,1997.49,cash,New York
268,,2024-08-27,2024-09-05,shipped,4039.08,cash,
269,32,2023-10-06,2023-10-10,shipped,3278.98,upi,New York
270,32,2022-05-14,2022-05-17,returned,3647.5,credit_card,Jaipur
271,175,2024-08-12,2024-08-22,delivered,4652.06,debit_card,Hyderabad
272,236,2022-06-16,2022-06-21,shipped,4188.17,upi,Bangalore
273,212,2023-04-08,2023-04-12,returned,893.79,wallet,New York
274,88,2022-03-17,2022-03-20,delivered,2694.36,wallet,London
275,47,2024-11-17,2024-11-25,cancelled,1311.62,cash,Mumbai
276,54,2025-07-13,2025-07-16,delivered,2112.82,credit_card,Surat
277,295,2025-11-23,2025-11-27,shipped,1270.35,wallet,Pune
278,296,2024-03-31,2024-04-03,returned,4612.54,upi,Mumbai
279,159,2022-10-17,2022-10-20,shipped,2308.33,credit_card,Bangalore
280,192,2022-01-11,2022-01-19,cancelled,2753.65,credit_card,Kolkata
281,69,2024-03-29,2024-04-05,pending,2988.72,debit_card,Kolkata
282,1,2025-06-04,2025-06-06,delivered,3231.43,debit_card,Pune
283,247,2022-03-13,2022-03-16,pending,826.08,credit_card,Bangalore
284,197,2025-11-06,2025-11-13,cancelled,2118.06,upi,Kolkata
285,92,2024-05-18,2024-05-20,returned,760.43,credit_card,Mumbai
286,251,2024-07-31,2024-08-06,shipped,1269.11,cash,
287,58,2024-01-02,2024-01-09,cancelled,1250.65,cash,Hyderabad
288,269,2025-03-11,2025-03-17,returned,201.05,upi,Mumbai
289,132,2025-08-30,2025-09-06,returned,4826.15,credit_card,Ahmedabad
290,224,2023-07-17,2023-07-22,pending,,cash,Chennai
291,9332,2022-07-18,2022-07-22,returned,327.98,,Kolkata
292,228,2022-11-07,2022-11-11,returned,2665.88,wallet,Delhi
293,272,2024-01-27,2024-02-04,cancelled,-3375.76,upi,Ahmedabad
294,193,2025-01-05,2025-01-07,shipped,493.93,cash,Kolkata
295,215,2025-05-12,2025-05-14,returned,3324.53,cash,Chennai
296,231,2022-11-18,2022-11-23,pending,26.65,cash,
297,115,2022-10-11,2022-10-13,returned,3001.85,,Surat
298,200,2025-02-04,2025-02-07,shipped,2294.27,credit_card,Ahmedabad
299,228,2023-05-11,2023-05-20,shipped,3210.48,credit_card,New York
300,267,2024-08-20,2024-08-27,returned,4788.3,credit_card,Pune
301,21,2024-01-15,2024-01-23,pending,2148.66,upi,Hyderabad
302,108,2023-06-26,2023-06-28,cancelled,2296.63,upi,
303,9901,2022-10-31,2022-11-06,delivered,2822.06,upi,Toronto
304,76,2025-05-29,2025-06-02,returned,149.74,cash,Bangalore
305,80,2025-04-17,2025-04-23,cancelled,,credit_card,Chennai
306,77,2023-07-24,2023-07-26,returned,3253.48,upi,Pune
307,169,2024-11-05,2024-11-14,returned,4234.56,debit_card,New York
308,117,2025-11-13,2025-11-23,shipped,1336.16,debit_card,Toronto
309,238,2022-07-21,2022-07-27,pending,3952.18,cash,Mumbai
310,58,2024-06-25,2024-07-05,shipped,3780.16,upi,Chennai
311,273,2023-05-25,2023-06-03,delivered,1550.93,cash,Delhi
312,156,2022-07-13,2022-07-22,delivered,4114.56,credit_card,Surat
313,80,2023-10-26,2023-10-29,returned,4263.26,upi,Chennai
314,156,2024-01-30,2024-02-05,pending,4147.86,cash,Toronto
315,234,2026-09-03,2026-09-08,returned,1481.04,wallet,Chennai
316,125,2022-11-25,2022-12-05,cancelled,2354.66,wallet,
317,176,2023-07-20,2023-07-25,cancelled,564.04,wallet,Hyderabad
318,225,2023-05-18,2023-05-23,delivered,2787.81,cash,Hyderabad
319,,2023-04-12,2023-04-17,cancelled,1284.24,wallet,Jaipur
320,290,2024-06-14,2024-06-20,returned,3952.79,credit_card,Toronto
321,45,2025-03-21,2025-03-25,shipped,3762.02,wallet,Jaipur
322,222,2022-02-13,2022-02-23,shipped,-4142.83,wallet,New York
323,295,2023-12-28,,returned,,debit_card,Delhi
324,162,2023-04-17,2023-04-20,shipped,2127.18,credit_card,
325,107,2024-02-19,2024-02-23,returned,1036.11,debit_card,Ahmedabad
326,184,2023-10-11,2023-10-13,pending,4000.96,credit_card,Chennai
327,223,,2025-08-30,,3255.66,debit_card,Bangalore
328,9610,2025-11-24,2025-11-28,shipped,4333.06,debit_card,Toronto
329,9208,2022-08-13,,pending,2024.23,credit_card,Bangalore
330,24,2025-01-09,2025-01-18,pending,857.0,cash,Jaipur
331,1,2023-09-30,2023-10-05,cancelled,649.71,wallet,Hyderabad
332,74,2023-04-07,2023-04-14,delivered,1418.68,wallet,Surat
333,,2022-09-27,2022-09-30,pending,2901.05,credit_card,Mumbai
334,9492,2022-11-28,2022-12-06,shipped,4289.83,cash,Chennai
335,264,2023-11-22,2023-11-27,delivered,1711.51,upi,Mumbai
336,65,2022-07-13,2022-07-15,returned,610.19,wallet,Jaipur
337,114,2022-02-04,2022-02-13,delivered,3008.67,wallet,Bangalore
338,85,2025-07-24,,cancelled,2708.7,cash,Ahmedabad
339,154,2022-01-01,2022-01-06,shipped,1051.69,debit_card,Bangalore
340,201,2025-04-26,2025-04-28,returned,1139.26,cash,Chennai
341,6,2025-07-28,2025-07-30,returned,3860.57,credit_card,Toronto
342,175,2023-07-12,2023-07-17,cancelled,573.06,credit_card,London
343,186,2023-05-10,2023-05-17,delivered,2114.15,upi,Chennai
344,43,2022-01-27,2022-01-31,cancelled,2933.06,cash,New York
345,56,2025-04-24,2025-04-26,returned,2882.37,credit_card,Toronto
346,9408,,2025-03-27,pending,-3348.65,credit_card,Chennai
347,177,2023-12-23,2023-12-31,shipped,3920.71,wallet,London
348,179,2022-12-19,2022-12-25,delivered,1765.51,cash,Ahmedabad
349,196,2023-02-19,2023-02-25,pending,1691.64,wallet,Jaipur
350,287,2025-01-07,2025-01-09,delivered,1001.11,upi,Pune
351,151,2025-06-10,2025-06-14,cancelled,2218.25,debit_card,Hyderabad
352,111,2026-09-14,2026-09-24,shipped,2421.53,wallet,Pune
353,187,2023-06-24,2023-06-28,shipped,1607.57,credit_card,Toronto
354,244,2025-01-01,2025-01-11,shipped,1146.84,credit_card,Ahmedabad
355,224,2022-05-13,2022-05-22,pending,2247.86,upi,
356,252,2024-06-01,2024-06-08,returned,1083.87,cash,Jaipur
357,162,2022-01-14,2022-01-20,shipped,2941.36,wallet,Bangalore
358,16,2025-08-22,2025-08-28,cancelled,454.64,upi,Chennai
359,221,2023-06-01,2023-06-08,pending,,wallet,
360,192,2022-07-15,2022-07-24,delivered,72.77,debit_card,Ahmedabad
361,112,2023-12-09,2023-12-12,shipped,3002.59,,Mumbai
362,62,2023-10-01,2023-10-04,returned,2954.63,wallet,Toronto
363,60,2025-10-01,,pending,715.49,wallet,Jaipur
364,165,2024-12-15,2024-12-24,shipped,1976.98,cash,Delhi
365,252,2022-08-02,2022-08-09,returned,1536.43,credit_card,Surat
366,293,2025-01-16,2025-01-17,pending,2676.12,cash,Jaipur
367,261,2024-01-30,2024-02-03,shipped,502.27,,Pune
368,60,2026-09-13,2026-09-19,pending,4922.17,wallet,Pune
369,159,2023-02-24,2023-03-01,shipped,-2051.93,,London
370,230,2022-09-21,2022-09-23,delivered,585.24,cash,Chennai
371,292,2023-06-20,2023-06-24,cancelled,4751.54,credit_card,Bangalore
372,35,2023-05-11,2023-05-14,shipped,2215.7,credit_card,Kolkata
373,129,2022-12-26,2022-12-27,shipped,1962.65,credit_card,Delhi
374,271,2023-08-13,2023-08-19,shipped,293.0,credit_card,Delhi
375,4,2026-07-28,2026-08-07,cancelled,607.01,upi,Pune
376,122,2025-10-30,2025-11-07,delivered,2400.85,cash,Bangalore
377,11,2024-06-03,2024-06-11,delivered,2057.75,cash,Ahmedabad
378,199,2024-08-07,2024-08-14,returned,674.24,cash,Chennai
379,73,2024-08-21,2024-08-26,delivered,4524.33,cash,Pune
380,227,2022-02-18,2022-02-21,shipped,1373.87,debit_card,Bangalore
381,250,2023-10-10,2023-10-19,pending,3679.23,upi,Kolkata
382,183,2023-02-20,2023-02-25,cancelled,4204.99,upi,Jaipur
383,78,2022-12-01,2022-12-11,shipped,2054.3,debit_card,Delhi
384,70,2024-02-20,2024-02-21,cancelled,2935.02,wallet,Kolkata
385,190,2022-05-22,2022-05-29,delivered,4584.65,credit_card,Toronto
386,214,2022-12-13,2022-12-22,pending,1408.43,upi,Pune
387,140,,2025-09-15,delivered,166.56,cash,London
388,193,2023-11-19,2023-11-26,cancelled,2041.9,cash,Delhi
389,9131,2024-11-08,2024-11-10,pending,,credit_card,Kolkata
390,37,2022-11-16,,shipped,3158.7,credit_card,London
391,2,2024-06-05,2024-06-06,cancelled,3587.73,upi,Surat
392,9180,2024-06-25,2024-06-29,pending,1323.68,debit_card,New York
393,152,2025-05-16,2025-05-20,delivered,2138.35,credit_card,Kolkata
394,31,2025-06-23,2025-07-01,delivered,69.87,credit_card,London
395,231,2024-01-04,2024-01-12,,1508.23,cash,Kolkata
396,207,,2024-08-10,delivered,718.99,debit_card,Mumbai
397,89,2022-11-06,2022-11-08,shipped,91.78,wallet,Hyderabad
398,256,2024-06-05,2024-06-13,cancelled,4845.81,wallet,Toronto
399,252,2022-01-27,2022-02-02,delivered,3155.99,debit_card,
400,229,2024-01-28,2024-02-03,cancelled,3444.53,wallet,London
401,66,2023-10-22,2023-10-26,pending,3543.44,cash,Surat
402,271,2024-10-02,2024-10-07,delivered,343.96,debit_card,Mumbai
403,248,2025-02-24,2025-03-02,shipped,2428.64,credit_card,Mumbai
404,,2024-12-08,2024-12-15,,2120.73,cash,Ahmedabad
405,76,2024-07-03,2024-07-13,returned,2226.25,debit_card,Mumbai
406,168,2025-02-05,2025-02-12,pending,2755.13,,
407,68,2024-10-14,2024-10-17,delivered,520.24,credit_card,
408,214,2025-08-07,2025-08-16,delivered,4116.0,,New York
409,116,2024-09-07,2024-09-11,,4750.33,,London
410,282,2022-05-20,2022-05-24,returned,1155.23,debit_card,Mumbai
411,145,2023-06-29,2023-07-02,cancelled,4175.76,credit_card,New York
412,208,2023-02-24,2023-02-26,shipped,3716.64,upi,New York
413,9012,2023-06-01,2023-06-05,delivered,4149.64,debit_card,Ahmedabad
414,,2025-09-28,,delivered,-545.24,cash,Bangalore
415,,2023-03-17,2023-03-23,delivered,389.74,debit_card,New York
416,16,2024-09-02,,returned,2281.67,debit_card,Pune
417,16,2022-03-18,2022-03-25,delivered,-883.36,debit_card,Mumbai
418,97,2023-04-26,2023-04-27,shipped,4368.87,upi,Surat
419,242,2025-01-20,2025-01-26,returned,3633.73,upi,Bangalore
420,254,2025-10-15,2025-10-22,cancelled,441.36,debit_card,Kolkata
421,75,2025-05-11,2025-05-14,cancelled,4256.98,credit_card,
422,54,2026-12-01,2026-12-04,delivered,3701.16,cash,Kolkata
423,55,2023-04-08,2023-04-12,pending,3583.85,cash,Hyderabad
424,50,2026-07-21,2026-07-25,cancelled,936.71,credit_card,Chennai
425,192,2023-03-03,2023-03-11,,3179.75,cash,Toronto
426,9039,2025-11-03,2025-11-11,pending,3797.66,debit_card,
427,159,2025-02-05,2025-02-09,pending,3072.45,wallet,Chennai
428,199,2025-01-02,2025-01-12,pending,597.17,credit_card,Delhi
429,249,2026-12-28,2027-01-04,shipped,228.93,credit_card,Bangalore
430,289,2022-02-18,2022-02-25,,112.48,cash,Delhi
431,184,2024-08-30,2024-09-02,returned,613.84,credit_card,New York
432,212,2022-08-26,2022-08-29,pending,1508.71,wallet,Chennai
433,71,2023-10-17,2023-10-21,returned,951.45,debit_card,Bangalore
434,35,2024-09-05,2024-09-15,delivered,832.02,credit_card,Toronto
435,99,2025-10-07,2025-10-15,returned,3036.12,debit_card,Jaipur
436,39,2024-06-05,2024-06-14,cancelled,433.36,upi,Jaipur
437,158,2024-08-20,2024-08-30,cancelled,3479.3,upi,Surat
438,129,2025-07-12,2025-07-17,shipped,2976.22,upi,Pune
439,218,2025-10-03,2025-10-06,returned,4013.2,wallet,Delhi
440,150,2025-07-31,2025-08-06,delivered,923.56,upi,Surat
441,64,2024-02-11,2024-02-12,returned,342.07,wallet,
442,219,2025-07-10,2025-07-18,,2191.49,credit_card,Chennai
443,9676,2025-11-07,2025-11-17,shipped,308.8,wallet,Jaipur
444,122,2026-12-10,,shipped,867.49,upi,Delhi
445,,2023-03-29,2023-04-01,returned,4588.95,debit_card,Delhi
446,228,2024-06-25,2024-07-05,cancelled,-3755.96,,Jaipur
447,227,2025-05-27,2025-05-29,delivered,3008.76,upi,Pune
448,241,2022-02-19,2022-02-21,cancelled,2266.71,cash,Chennai
449,138,2024-01-21,2024-01-24,pending,851.02,debit_card,Bangalore
450,284,2022-04-13,2022-04-18,shipped,2270.97,credit_card,Delhi
451,294,2025-09-02,,shipped,1448.33,credit_card,Toronto
452,64,,2024-08-08,delivered,,wallet,Pune
453,25,2024-08-18,2024-08-28,pending,4173.06,wallet,Delhi
454,70,2022-01-02,2022-01-10,returned,3390.85,cash,Jaipur
455,86,2024-10-27,2024-10-28,cancelled,1042.4,credit_card,Hyderabad
456,111,2024-06-10,2024-06-18,shipped,4327.33,cash,Pune
457,239,2024-01-31,2024-02-07,delivered,4798.5,cash,Pune
458,151,2023-12-28,2023-12-29,returned,4670.55,debit_card,Jaipur
459,13,2024-11-09,2024-11-10,delivered,2247.31,credit_card,Toronto
460,264,2022-03-16,2022-03-26,cancelled,2534.68,debit_card,Hyderabad
461,197,2023-07-19,2023-07-24,shipped,70.45,,Delhi
462,20,2023-06-28,2023-07-02,cancelled,2346.85,upi,Chennai
463,281,2023-11-09,2023-11-12,shipped,,cash,Jaipur
464,208,2022-04-16,2022-04-21,shipped,541.42,credit_card,Jaipur
465,205,2024-05-08,2024-05-12,pending,820.6,debit_card,Mumbai
466,190,2022-08-31,2022-09-08,shipped,4639.9,debit_card,Surat
467,43,2022-07-26,2022-07-27,shipped,,,Chennai
468,188,2025-10-22,2025-10-28,returned,,credit_card,Hyderabad
469,201,2024-10-01,2024-10-11,delivered,4185.88,wallet,Surat
470,146,2022-03-07,2022-03-10,cancelled,3477.59,upi,Hyderabad
471,77,2025-12-11,2025-12-21,delivered,4376.96,wallet,Ahmedabad
472,63,2025-08-12,2025-08-22,cancelled,1519.7,credit_card,Toronto
473,96,2024-10-16,2024-10-22,returned,2253.57,debit_card,Pune
474,172,2022-10-31,2022-11-09,pending,3023.57,wallet,Mumbai
475,257,2023-02-18,2023-02-27,shipped,1374.5,credit_card,London
476,149,2025-01-08,2025-01-13,cancelled,1669.7,wallet,Kolkata
477,115,2024-07-09,,,4085.51,cash,Mumbai
478,39,2023-07-15,2023-07-22,returned,91.55,wallet,New York
479,,2023-04-26,2023-05-02,shipped,,debit_card,London
480,150,2025-10-07,2025-10-14,returned,1028.43,credit_card,Delhi
481,2,2023-05-06,2023-05-11,returned,4826.07,wallet,Delhi
482,48,2023-12-25,2024-01-03,pending,4725.25,upi,London
483,246,2025-07-17,2025-07-24,shipped,3965.4,wallet,Delhi
484,117,2025-09-07,,cancelled,3856.49,credit_card,Kolkata
485,213,2022-01-16,2022-01-18,cancelled,679.06,upi,
486,163,2023-05-19,2023-05-24,delivered,204.3,upi,Pune
487,272,2024-01-16,2024-01-21,shipped,-2040.29,credit_card,Delhi
488,171,2023-10-14,2023-10-18,returned,2915.32,wallet,London
489,283,2025-09-09,2025-09-10,shipped,1566.34,,
490,185,2024-04-11,2024-04-21,returned,4698.89,credit_card,London
491,87,2025-10-29,2025-10-30,cancelled,3410.24,debit_card,Pune
492,271,2023-08-23,2023-09-02,cancelled,2063.6,credit_card,Pune
493,130,2025-11-16,2025-11-26,pending,608.69,debit_card,Chennai
494,295,2022-01-06,2022-01-07,pending,2072.65,cash,Jaipur
495,228,2025-09-20,2025-09-24,cancelled,1952.16,,Ahmedabad
496,31,2024-07-28,,returned,4407.72,upi,Ahmedabad
497,,2024-09-03,2024-09-11,shipped,1110.62,debit_card,London
498,,2025-11-13,2025-11-22,shipped,3999.31,debit_card,New York
499,295,2024-12-21,2024-12-30,returned,26.82,debit_card,Chennai
500,218,2023-05-30,2023-06-03,cancelled,3147.95,debit_card,Kolkata
501,124,2024-12-26,2025-01-04,pending,91.99,credit_card,Jaipur
502,70,2023-03-29,2023-03-31,returned,-192.71,credit_card,Hyderabad
503,48,2023-05-28,2023-06-01,pending,230.41,debit_card,Kolkata
504,258,2025-04-08,2025-04-09,pending,2141.26,,Chennai
505,81,2023-04-25,2023-04-29,returned,4138.11,debit_card,Toronto
506,154,2025-11-07,2025-11-10,cancelled,-2373.91,debit_card,Pune
507,118,2025-12-03,2025-12-12,returned,3571.47,debit_card,Surat
508,291,2023-03-18,2023-03-28,pending,4185.08,wallet,Delhi
509,60,2025-11-23,2025-12-02,shipped,4748.32,debit_card,Hyderabad
510,261,2025-05-27,2025-06-05,shipped,2765.86,cash,Hyderabad
511,113,2025-12-02,2025-12-12,cancelled,2217.31,,
512,14,2025-09-23,2025-09-24,shipped,427.33,cash,Jaipur
513,30,2025-07-15,2025-07-18,delivered,4942.13,credit_card,Bangalore
514,296,2025-01-10,,cancelled,761.38,,
515,134,2023-05-19,2023-05-21,shipped,1813.72,wallet,Kolkata
516,26,2024-01-20,,shipped,1882.87,wallet,Surat
517,9,2025-07-02,2025-07-11,cancelled,931.98,wallet,
518,133,2025-08-11,2025-08-19,pending,4403.47,credit_card,Pune
519,152,2022-12-16,2022-12-21,delivered,2044.13,cash,Chennai
520,129,2022-06-18,2022-06-25,delivered,1465.21,cash,London
521,175,2025-01-18,2025-01-19,returned,3346.64,wallet,Mumbai
522,56,2024-01-25,2024-02-03,pending,900.49,upi,Mumbai
523,150,2023-05-05,2023-05-11,shipped,979.7,credit_card,Surat
524,239,2022-09-11,2022-09-15,delivered,,cash,London
525,43,2025-06-07,2025-06-13,returned,,debit_card,Mumbai
526,16,,2025-04-17,delivered,2753.2,upi,Surat
527,213,2022-01-07,2022-01-14,pending,1845.85,wallet,Jaipur
528,119,2024-03-24,2024-03-25,shipped,2936.92,credit_card,Chennai
529,215,2022-06-07,2022-06-12,pending,658.96,cash,Pune
530,24,2024-11-29,2024-12-02,pending,2138.31,cash,Surat
531,14,2024-03-02,2024-03-08,delivered,4702.14,wallet,Pune
532,249,2025-07-06,2025-07-15,pending,3224.31,,Jaipur
533,100,2023-12-03,2023-12-12,returned,3685.92,upi,
534,25,,2024-11-07,delivered,4018.4,wallet,Surat
535,216,2025-07-02,2025-07-07,cancelled,4153.11,debit_card,Kolkata
536,292,2023-05-24,2023-05-29,shipped,116.15,credit_card,Toronto
537,115,2023-08-26,2023-09-02,returned,2027.02,credit_card,Pune
538,16,2025-08-07,2025-08-12,returned,2812.68,wallet,Jaipur
539,146,2022-01-07,,shipped,4908.17,wallet,Pune
540,48,2025-02-01,2025-02-08,pending,3155.46,debit_card,Toronto
541,293,2023-11-21,2023-11-26,delivered,4218.11,credit_card,Bangalore
542,115,2026-11-22,2026-11-29,cancelled,4537.62,debit_card,Kolkata
543,14,2022-04-09,2022-04-10,delivered,3064.22,debit_card,Jaipur
544,299,,2024-06-27,cancelled,3652.58,credit_card,Ahmedabad
545,207,2024-04-23,2024-04-29,cancelled,107.12,debit_card,
546,135,2022-02-16,2022-02-25,shipped,1321.37,debit_card,Pune
547,279,2022-06-12,2022-06-15,cancelled,3393.38,upi,Ahmedabad
548,177,2024-02-10,2024-02-12,shipped,4458.09,debit_card,Chennai
549,49,2024-06-02,2024-06-06,shipped,2264.18,cash,Bangalore
550,39,2022-01-29,2022-02-06,returned,4472.39,wallet,London
551,225,2023-04-24,2023-04-28,delivered,4374.92,wallet,
552,279,2025-07-27,2025-07-29,cancelled,2273.33,credit_card,Mumbai
553,74,2022-06-22,2022-06-26,,3149.58,cash,New York
554,292,2022-11-04,2022-11-07,returned,373.04,wallet,Chennai
555,278,2023-08-15,2023-08-18,shipped,643.1,wallet,Chennai
556,150,2025-08-20,2025-08-26,delivered,4232.22,cash,Toronto
557,226,2022-07-07,2022-07-16,pending,2014.25,cash,
558,237,2024-10-10,2024-10-19,shipped,758.09,wallet,Ahmedabad
559,20,2025-08-10,,delivered,1998.98,upi,Pune
560,9689,2025-11-05,2025-11-07,delivered,847.92,cash,Pune
561,181,2025-06-06,2025-06-09,shipped,3420.79,wallet,Kolkata
562,134,2022-06-13,2022-06-16,delivered,2669.87,debit_card,Surat
563,114,2023-12-05,2023-12-11,delivered,520.08,cash,Pune
564,287,2026-10-04,2026-10-09,returned,4126.06,credit_card,Surat
565,25,2023-02-12,2023-02-22,pending,1187.73,upi,Hyderabad
566,89,2024-01-20,2024-01-27,,2384.52,upi,Bangalore
567,56,2023-08-04,2023-08-05,returned,3883.91,wallet,Bangalore
568,4,2023-07-11,2023-07-20,delivered,2638.65,cash,Kolkata
569,299,2024-11-03,2024-11-12,delivered,2216.59,upi,Kolkata
570,217,2024-01-15,2024-01-25,pending,1447.28,,Mumbai
571,22,2022-11-16,2022-11-20,pending,2935.79,credit_card,Kolkata
572,18,2024-12-04,2024-12-13,returned,3693.39,cash,London
573,114,2024-05-16,2024-05-24,returned,3599.61,upi,Delhi
574,89,2025-12-20,2025-12-23,pending,960.21,credit_card,Mumbai
575,,2023-05-17,2023-05-21,returned,3590.55,debit_card,Kolkata
576,165,2023-06-18,2023-06-23,returned,2424.33,cash,New York
577,53,2024-03-14,2024-03-22,cancelled,4802.15,wallet,Bangalore
578,15,2023-10-30,2023-11-09,cancelled,4549.11,wallet,Chennai
579,282,2022-10-22,2022-10-28,returned,3515.33,credit_card,New York
580,253,2023-03-25,2023-03-29,cancelled,4710.07,debit_card,Surat
581,299,2026-12-07,2026-12-09,cancelled,818.83,upi,Jaipur
582,9691,2023-05-13,,shipped,682.23,upi,Ahmedabad
583,239,2024-11-28,2024-12-06,returned,1753.07,wallet,Mumbai
584,21,2026-09-29,2026-10-06,pending,3230.58,debit_card,Surat
585,48,2022-02-16,,delivered,3898.31,wallet,Surat
586,3,2025-03-26,2025-03-30,shipped,3437.0,debit_card,New York
587,236,2024-04-19,2024-04-20,pending,584.68,credit_card,Mumbai
588,176,2025-09-17,,returned,4662.69,debit_card,New York
589,,2024-12-02,2024-12-07,returned,888.92,credit_card,Kolkata
590,77,2025-05-06,2025-05-16,pending,976.33,credit_card,Hyderabad
591,292,2025-05-06,2025-05-16,delivered,-2487.82,wallet,Kolkata
592,,2023-03-11,2023-03-13,cancelled,4441.63,cash,Ahmedabad
593,,2025-05-11,2025-05-13,delivered,2161.8,credit_card,Chennai
594,,2025-11-02,2025-11-07,cancelled,171.59,cash,Toronto
595,34,2024-01-30,2024-02-05,pending,1866.13,cash,
596,31,2022-08-31,2022-09-01,cancelled,1044.03,credit_card,Pune
597,,2022-01-27,2022-02-02,pending,2244.33,credit_card,Delhi
598,237,2025-12-30,2025-12-31,shipped,4066.86,,Surat
599,179,,2025-01-01,pending,2135.28,debit_card,Bangalore
600,226,2023-06-05,2023-06-12,,4117.73,upi,Pune
601,170,2025-07-07,2025-07-09,pending,262.38,debit_card,
602,289,2025-12-04,2025-12-09,,2875.1,,Surat
603,255,2024-03-19,2024-03-27,cancelled,3198.02,upi,Pune
604,77,2023-03-19,2023-03-27,shipped,2404.66,wallet,Surat
605,292,2022-08-22,2022-08-23,,344.31,wallet,Jaipur
606,55,2022-07-02,2022-07-03,returned,3157.81,debit_card,London
607,293,2024-11-16,2024-11-26,returned,2248.42,upi,
608,37,2025-01-24,2025-01-29,returned,2680.17,wallet,Jaipur
609,6,2025-01-09,2025-01-14,shipped,2705.07,credit_card,Pune
610,44,2022-11-20,2022-11-30,cancelled,1359.38,cash,Mumbai
611,182,2023-04-15,2023-04-17,shipped,3952.68,wallet,Kolkata
612,182,2022-08-08,2022-08-15,delivered,916.81,wallet,Chennai
613,220,2022-02-22,2022-02-25,delivered,-333.15,cash,Jaipur
614,258,2025-03-21,2025-03-26,shipped,2677.76,debit_card,Toronto
615,295,2022-05-20,2022-05-22,shipped,455.02,wallet,Bangalore
616,105,2024-04-14,2024-04-21,returned,4473.27,credit_card,Kolkata
617,,2023-09-11,2023-09-21,pending,495.83,credit_card,London
618,34,2024-11-22,2024-12-01,pending,2870.44,wallet,Chennai
619,139,2024-04-27,2024-05-01,returned,4200.28,wallet,Hyderabad
620,298,2024-03-21,2024-03-26,delivered,4652.25,credit_card,Surat
621,93,2022-04-30,2022-05-06,cancelled,1239.52,credit_card,Surat
622,285,2024-03-19,2024-03-26,returned,4879.56,,New York
623,155,2022-10-06,2022-10-11,returned,902.85,,Toronto
624,83,2022-01-30,2022-02-05,returned,2123.72,upi,Hyderabad
625,15,2024-05-20,2024-05-26,cancelled,1297.86,credit_card,Kolkata
626,9954,2023-04-14,2023-04-21,cancelled,809.72,cash,Bangalore
627,35,2026-08-03,2026-08-05,returned,470.58,credit_card,
628,243,2025-04-20,2025-04-28,delivered,4958.27,credit_card,Chennai
629,210,2023-06-23,2023-06-30,shipped,389.94,upi,Kolkata
630,198,2024-12-26,2024-12-29,returned,1848.79,upi,Kolkata
631,138,2022-04-07,2022-04-12,shipped,1534.46,debit_card,Bangalore
632,230,2023-08-08,2023-08-16,cancelled,3414.04,upi,New York
633,251,2022-12-14,2022-12-23,pending,2699.09,credit_card,Pune
634,22,2023-06-07,2023-06-08,shipped,1939.2,upi,
635,54,2024-11-20,2024-11-28,shipped,2376.11,upi,
636,273,2023-03-07,2023-03-09,delivered,2380.81,debit_card,Jaipur
637,131,2025-01-08,2025-01-18,returned,2900.61,upi,London
638,246,2022-08-03,2022-08-06,returned,1276.43,upi,Bangalore
639,286,2025-08-21,2025-08-30,returned,1184.97,debit_card,Surat
640,89,2024-11-24,2024-12-04,shipped,2789.66,credit_card,Jaipur
641,223,2024-02-17,2024-02-26,cancelled,4207.96,upi,Pune
642,148,2022-05-07,2022-05-16,pending,1453.92,wallet,Hyderabad
643,210,,2025-04-22,cancelled,,upi,London
644,225,2022-06-02,2022-06-03,pending,2185.2,upi,Delhi
645,116,2026-11-05,2026-11-07,pending,,wallet,Pune
646,104,2023-08-26,,shipped,2827.36,wallet,Surat
647,271,2025-10-28,2025-11-07,pending,372.51,credit_card,Hyderabad
648,45,2022-09-29,2022-10-05,,2278.22,wallet,Toronto
649,293,2024-01-25,2024-02-02,delivered,1812.42,debit_card,Pune
650,39,2022-07-17,2022-07-26,delivered,731.82,cash,Surat
651,28,2025-12-19,2025-12-24,delivered,3607.82,credit_card,Toronto
652,2,2025-03-29,,cancelled,-2489.76,upi,Mumbai
653,109,2022-10-06,2022-10-09,,2520.46,wallet,Jaipur
654,135,2024-07-15,2024-07-22,pending,371.72,upi,New York
655,31,2022-07-07,2022-07-08,pending,3055.99,credit_card,Hyderabad
656,226,2022-04-20,,cancelled,173.81,credit_card,Surat
657,288,2025-12-27,2025-12-30,cancelled,3989.27,upi,Toronto
658,46,2025-07-02,2025-07-05,,4887.25,debit_card,Jaipur
659,207,2023-03-31,2023-04-05,shipped,1074.55,cash,Pune
660,280,2024-06-10,2024-06-14,returned,2945.55,debit_card,Hyderabad
661,153,2024-04-11,,delivered,1676.62,credit_card,Pune
662,9034,2023-01-10,2023-01-19,delivered,4685.22,wallet,Hyderabad
663,,2022-07-25,2022-08-01,cancelled,482.83,debit_card,Mumbai
664,190,,2023-04-29,shipped,3496.18,wallet,
665,214,2025-12-03,2025-12-05,returned,1692.93,wallet,Ahmedabad
666,253,2022-07-24,2022-07-27,delivered,2323.84,,Pune
667,9706,2023-09-15,2023-09-25,pending,601.4,upi,Jaipur
668,49,2023-03-30,2023-04-09,delivered,3086.83,credit_card,
669,209,2024-09-24,,returned,1994.94,,London
670,246,2024-10-22,2024-10-26,delivered,,cash,Pune
671,81,2023-11-16,2023-11-22,cancelled,4143.93,wallet,
672,96,2025-09-16,,pending,1101.99,cash,Mumbai
673,3,2025-07-28,2025-08-04,cancelled,2557.08,wallet,Chennai
674,172,2024-07-23,2024-08-02,pending,2786.85,cash,
675,124,2024-05-08,2024-05-09,cancelled,4424.87,wallet,Ahmedabad
676,177,2022-11-28,2022-11-29,shipped,912.85,wallet,Jaipur
677,251,2022-01-09,2022-01-16,returned,541.02,upi,Ahmedabad
678,241,2022-12-09,2022-12-18,cancelled,2588.65,wallet,Delhi
679,193,2025-05-31,2025-06-10,pending,2403.16,debit_card,Toronto
680,1,2022-04-21,2022-04-26,shipped,2687.91,upi,Chennai
681,68,2024-12-10,2024-12-16,pending,2890.6,credit_card,London
682,113,2022-09-26,2022-10-02,pending,4253.93,wallet,Kolkata
683,9844,2023-06-04,2023-06-05,delivered,1728.73,wallet,Bangalore
684,12,2025-08-27,2025-09-03,,3416.35,wallet,Jaipur
685,15,2023-06-24,2023-07-03,shipped,4107.68,credit_card,Kolkata
686,189,2024-05-05,2024-05-13,shipped,4770.69,cash,Mumbai
687,9988,2023-06-06,2023-06-13,returned,,wallet,Ahmedabad
688,87,2024-02-29,2024-03-02,delivered,451.41,upi,Bangalore
689,264,2024-11-17,2024-11-26,returned,3677.41,debit_card,London
690,293,2025-10-30,2025-11-08,cancelled,1700.79,upi,Kolkata
691,116,2023-05-18,2023-05-19,returned,,upi,Ahmedabad
692,200,2025-11-13,2025-11-19,delivered,3982.37,debit_card,Surat
693,139,2024-03-15,2024-03-24,shipped,1917.72,wallet,Mumbai
694,157,2024-11-06,2024-11-13,cancelled,2983.76,,Chennai
695,189,2025-04-20,2025-04-27,returned,621.47,debit_card,Delhi
696,163,2023-09-25,2023-10-03,,2837.19,credit_card,Jaipur
697,86,2022-10-18,2022-10-27,delivered,2238.7,wallet,Chennai
698,256,2022-04-10,2022-04-13,delivered,4349.77,debit_card,Ahmedabad
699,296,2024-05-30,2024-06-03,delivered,-982.95,wallet,Kolkata
700,9942,2025-09-10,2025-09-13,cancelled,2424.39,credit_card,Surat
701,294,2025-11-18,2025-11-22,pending,3817.69,wallet,London
702,9660,2022-12-27,2022-12-30,delivered,2882.31,debit_card,Bangalore
703,227,2023-04-10,2023-04-19,shipped,3020.91,debit_card,Delhi
704,18,2024-08-19,2024-08-28,pending,4880.85,debit_card,
705,64,2022-11-16,2022-11-25,pending,1119.08,cash,Toronto
706,133,2024-04-04,2024-04-09,shipped,663.81,,Delhi
707,150,2023-06-04,2023-06-14,delivered,779.87,wallet,Kolkata
708,26,2024-03-08,,cancelled,4323.82,credit_card,Mumbai
709,,2023-04-15,2023-04-17,cancelled,3269.47,wallet,New York
710,293,2024-08-27,2024-09-02,shipped,3655.18,upi,London
711,40,2025-03-05,2025-03-11,returned,-2147.04,cash,Kolkata
712,31,,2024-09-05,cancelled,1275.57,credit_card,Delhi
713,293,2023-05-14,2023-05-24,returned,2023.63,cash,Ahmedabad
714,95,2022-09-28,2022-09-29,returned,2307.31,debit_card,New York
715,159,2023-02-20,2023-02-27,delivered,1650.79,credit_card,
716,13,2023-12-16,2023-12-21,pending,2819.57,cash,Chennai
717,223,2024-10-13,2024-10-23,delivered,2256.19,upi,
718,126,2023-12-24,2023-12-28,cancelled,197.8,wallet,Bangalore
719,195,2023-04-02,2023-04-08,shipped,2971.89,cash,Delhi
720,149,2024-12-10,2024-12-20,shipped,3819.62,upi,Chennai
721,158,2025-12-23,2025-12-28,shipped,3063.81,upi,Ahmedabad
722,295,2023-07-07,2023-07-16,returned,3797.76,wallet,London
723,295,2025-10-02,2025-10-11,returned,2917.36,debit_card,Ahmedabad
724,246,2023-11-01,2023-11-07,returned,971.65,credit_card,Mumbai
725,291,2024-06-05,2024-06-07,delivered,750.42,debit_card,Ahmedabad
726,202,2023-12-31,,cancelled,1660.53,wallet,Delhi
727,185,2025-02-05,2025-02-11,pending,1988.78,debit_card,Pune
728,70,2022-03-10,2022-03-18,cancelled,1470.85,cash,Jaipur
729,17,2025-02-04,2025-02-10,pending,3556.67,credit_card,Ahmedabad
730,147,2022-05-12,2022-05-13,delivered,1517.47,wallet,Chennai
731,174,2023-01-07,2023-01-10,,1002.86,wallet,Hyderabad
732,6,2026-09-02,2026-09-10,delivered,,cash,Ahmedabad
733,178,2023-10-08,2023-10-11,shipped,1397.19,upi,Bangalore
734,111,2023-07-09,2023-07-12,pending,242.87,debit_card,Bangalore
735,192,2022-04-30,2022-05-07,pending,4582.3,cash,Chennai
736,94,2023-06-25,2023-07-04,shipped,1144.68,credit_card,Kolkata
737,300,2025-11-10,2025-11-19,cancelled,1415.92,wallet,Delhi
738,52,2022-09-24,2022-09-26,returned,2659.27,,Delhi
739,9644,2024-09-19,2024-09-23,delivered,2995.34,credit_card,Bangalore
740,253,2024-03-05,2024-03-14,cancelled,2277.47,upi,New York
741,9552,2023-02-04,2023-02-08,delivered,1019.76,wallet,
742,9383,2022-02-12,2022-02-22,delivered,3418.75,cash,London
743,204,2024-05-24,2024-06-03,delivered,3707.99,upi,Mumbai
744,205,2023-12-17,2023-12-27,delivered,677.77,cash,Bangalore
745,162,2025-09-23,2025-09-30,returned,1229.38,,Pune
746,133,2025-06-30,2025-07-09,,1704.82,debit_card,
747,43,2022-12-29,2023-01-01,delivered,3912.73,wallet,Ahmedabad
748,153,2022-01-18,2022-01-27,shipped,1640.32,credit_card,Bangalore
749,258,2024-10-16,2024-10-20,delivered,4161.22,upi,Delhi
750,67,2023-03-22,2023-04-01,pending,713.14,upi,Chennai
751,58,2023-07-31,2023-08-10,shipped,3864.7,wallet,Surat
752,270,2022-07-17,2022-07-21,pending,563.36,credit_card,Kolkata
753,83,2025-01-09,2025-01-13,shipped,-4366.11,wallet,Kolkata
754,83,2024-05-05,2024-05-15,cancelled,3838.86,debit_card,Jaipur
755,106,2024-10-24,2024-10-28,pending,1080.31,cash,Ahmedabad
756,223,2025-02-04,2025-02-05,shipped,4866.01,wallet,London
757,179,2023-01-18,2023-01-20,cancelled,2646.49,cash,Mumbai
758,190,2025-04-06,2025-04-15,shipped,2618.01,cash,Jaipur
759,181,2025-04-30,2025-05-04,shipped,2709.68,cash,Toronto
760,182,2025-03-23,2025-03-31,delivered,1028.66,cash,Mumbai
761,153,2022-10-07,2022-10-15,delivered,1347.9,wallet,Mumbai
762,284,2025-05-04,2025-05-12,pending,1282.0,wallet,Chennai
763,237,2023-05-12,2023-05-18,delivered,1039.23,upi,Mumbai
764,86,2025-09-19,2025-09-20,shipped,,cash,Surat
765,10,2025-01-19,2025-01-24,returned,1799.26,credit_card,Chennai
766,277,2025-02-02,2025-02-10,,1316.94,cash,
767,109,2022-04-05,2022-04-12,delivered,518.09,upi,Hyderabad
768,278,2025-09-23,2025-09-30,pending,2249.64,,New York
769,219,2024-02-02,2024-02-06,pending,1364.2,upi,Jaipur
770,206,2024-02-06,2024-02-13,cancelled,717.4,cash,Bangalore
771,93,2022-09-13,2022-09-17,delivered,4660.03,wallet,Toronto
772,115,2025-05-15,2025-05-19,delivered,2676.54,debit_card,
773,128,2024-03-18,2024-03-20,shipped,4653.29,debit_card,Chennai
774,280,2023-05-20,2023-05-26,delivered,2775.18,credit_card,Jaipur
775,189,2025-06-13,2025-06-19,delivered,4582.02,cash,Kolkata
776,183,2022-10-17,2022-10-22,returned,569.55,wallet,Kolkata
777,262,2024-12-30,2025-01-08,returned,1096.69,cash,Jaipur
778,274,,2022-12-31,cancelled,3974.08,upi,Ahmedabad
779,210,2023-11-01,2023-11-07,returned,3647.4,cash,Chennai
780,255,2022-06-29,2022-07-06,shipped,4668.24,wallet,Chennai
781,,2023-06-21,,returned,2941.83,,Hyderabad
782,175,2022-12-02,2022-12-12,delivered,2053.9,wallet,Toronto
783,235,2025-04-08,2025-04-14,returned,4121.19,credit_card,Mumbai
784,37,2024-06-22,2024-07-01,delivered,3049.92,wallet,Ahmedabad
785,237,2022-01-30,2022-02-08,shipped,1503.25,debit_card,Pune
786,54,2022-06-19,2022-06-20,pending,1057.5,cash,Delhi
787,173,2026-07-19,2026-07-29,pending,3286.89,upi,Jaipur
788,217,2025-04-13,2025-04-19,cancelled,,upi,New York
789,63,2022-09-07,2022-09-09,delivered,62.07,upi,London
790,294,2022-05-01,2022-05-10,shipped,3990.03,debit_card,Kolkata
791,272,2024-10-13,2024-10-16,returned,4575.91,wallet,Mumbai
792,279,2023-10-21,2023-10-28,delivered,460.83,debit_card,Surat
793,178,2022-08-25,2022-09-01,cancelled,4783.03,debit_card,Pune
794,194,2026-09-15,2026-09-24,,420.21,cash,Kolkata
795,105,2023-11-17,,returned,2053.88,,Bangalore
796,107,2024-05-14,2024-05-16,shipped,1323.85,credit_card,Surat
797,,2024-10-11,2024-10-21,delivered,3137.21,upi,Toronto
798,58,2025-12-18,2025-12-24,,2692.81,wallet,Delhi
799,197,2023-07-09,2023-07-10,returned,1023.44,cash,Kolkata
800,114,2023-04-25,2023-05-03,returned,2253.04,upi,New York
24,299,2023-01-30,2023-02-01,shipped,741.3,upi,Pune
191,178,2025-07-28,2025-07-29,shipped,480.27,debit_card,Ahmedabad
559,20,2025-08-10,,delivered,1998.98,upi,Pune
131,98,2024-03-25,2024-04-03,cancelled,4857.98,credit_card,Hyderabad
406,168,2025-02-05,2025-02-12,pending,2755.13,,
137,,2025-08-14,2025-08-23,pending,695.08,credit_card,Toronto
358,16,2025-08-22,2025-08-28,cancelled,454.64,upi,Chennai
271,175,2024-08-12,2024-08-22,delivered,4652.06,debit_card,Hyderabad
